-- phpMyAdmin SQL Dump
-- version 5.2.0
-- https://www.phpmyadmin.net/
--
-- Host: localhost:3306
-- Generation Time: Sep 13, 2022 at 01:30 PM
-- Server version: 5.7.24
-- PHP Version: 8.0.22

SET SQL_MODE = "NO_AUTO_VALUE_ON_ZERO";
START TRANSACTION;
SET time_zone = "+00:00";


/*!40101 SET @OLD_CHARACTER_SET_CLIENT=@@CHARACTER_SET_CLIENT */;
/*!40101 SET @OLD_CHARACTER_SET_RESULTS=@@CHARACTER_SET_RESULTS */;
/*!40101 SET @OLD_COLLATION_CONNECTION=@@COLLATION_CONNECTION */;
/*!40101 SET NAMES utf8mb4 */;

--
-- Database: `bilaltraders`
--

-- --------------------------------------------------------

--
-- Table structure for table `account`
--

CREATE TABLE `account` (
  `id` int(11) NOT NULL,
  `title` varchar(50) NOT NULL,
  `type` int(11) NOT NULL,
  `description` text NOT NULL,
  `balance` decimal(10,2) NOT NULL,
  `is_petty_cash` int(1) NOT NULL DEFAULT '0',
  `status` int(1) NOT NULL DEFAULT '1',
  `ts` timestamp NOT NULL DEFAULT CURRENT_TIMESTAMP ON UPDATE CURRENT_TIMESTAMP
) ENGINE=InnoDB DEFAULT CHARSET=latin1;

--
-- Dumping data for table `account`
--

INSERT INTO `account` (`id`, `title`, `type`, `description`, `balance`, `is_petty_cash`, `status`, `ts`) VALUES
(4, 'Cash in Hands', 0, '', '501810.00', 1, 1, '2018-02-12 13:50:08'),
(5, 'Muhammad Imran', 0, '', '0.00', 0, 1, '2018-01-24 15:55:39'),
(6, 'Dr. Mazhar', 0, '', '0.00', 0, 1, '2018-01-24 15:57:45'),
(7, 'HMB. Hyd', 0, '', '35000.00', 0, 1, '2018-02-12 13:51:18'),
(8, 'HMB. Khi', 0, '', '10000.00', 0, 1, '2018-02-12 13:51:28');

-- --------------------------------------------------------

--
-- Table structure for table `admin`
--

CREATE TABLE `admin` (
  `id` int(11) NOT NULL,
  `admin_type_id` int(11) NOT NULL,
  `username` varchar(200) NOT NULL,
  `email` varchar(200) NOT NULL,
  `name` varchar(200) NOT NULL,
  `password` varchar(1000) NOT NULL,
  `status` int(11) NOT NULL DEFAULT '1'
) ENGINE=MyISAM DEFAULT CHARSET=utf8;

--
-- Dumping data for table `admin`
--

INSERT INTO `admin` (`id`, `admin_type_id`, `username`, `email`, `name`, `password`, `status`) VALUES
(1, 1, 'admin', 'mimran0900@gmail.com', 'admin', '21232f297a57a5a743894a0e4a801fc3', 1);

-- --------------------------------------------------------

--
-- Table structure for table `admin_type`
--

CREATE TABLE `admin_type` (
  `id` int(11) NOT NULL,
  `title` varchar(200) NOT NULL,
  `can_add` int(1) NOT NULL DEFAULT '0',
  `can_edit` int(1) NOT NULL DEFAULT '0',
  `can_delete` int(1) NOT NULL DEFAULT '0',
  `can_read` int(1) NOT NULL DEFAULT '0',
  `status` int(1) NOT NULL DEFAULT '1',
  `ts` timestamp NULL DEFAULT CURRENT_TIMESTAMP ON UPDATE CURRENT_TIMESTAMP
) ENGINE=InnoDB DEFAULT CHARSET=utf8mb4;

--
-- Dumping data for table `admin_type`
--

INSERT INTO `admin_type` (`id`, `title`, `can_add`, `can_edit`, `can_delete`, `can_read`, `status`, `ts`) VALUES
(1, 'Administrator', 1, 1, 1, 1, 1, '2017-02-27 12:10:38'),
(3, 'Computer Operator', 1, 1, 0, 1, 1, '2017-03-21 14:13:24');

-- --------------------------------------------------------

--
-- Table structure for table `closing_activity`
--

CREATE TABLE `closing_activity` (
  `id` int(11) NOT NULL,
  `datetime` datetime NOT NULL,
  `added_by` int(11) NOT NULL
) ENGINE=InnoDB DEFAULT CHARSET=latin1;

--
-- Dumping data for table `closing_activity`
--

INSERT INTO `closing_activity` (`id`, `datetime`, `added_by`) VALUES
(1, '2018-02-14 14:09:47', 1),
(2, '2018-02-14 22:58:47', 1),
(3, '2018-02-15 23:45:12', 1),
(4, '2018-02-22 23:34:57', 1),
(5, '2018-02-24 23:19:07', 1),
(6, '2018-02-25 23:16:03', 1),
(7, '2018-02-27 23:26:58', 1),
(8, '2018-03-05 22:29:37', 1),
(9, '2018-03-05 23:18:44', 1),
(10, '2018-03-07 18:49:27', 1),
(11, '2018-03-07 23:14:46', 1),
(12, '2018-03-08 23:12:58', 1),
(13, '2018-03-10 23:23:46', 1),
(14, '2018-03-11 23:16:33', 1),
(15, '2018-03-13 18:16:53', 1),
(16, '2018-03-13 23:19:01', 1),
(17, '2018-03-14 23:09:29', 1),
(18, '2018-03-15 22:18:59', 1),
(19, '2018-03-18 22:31:07', 1),
(20, '2018-03-18 23:05:29', 1),
(21, '2018-03-20 17:13:22', 1),
(22, '2018-03-20 23:22:09', 1),
(23, '2018-03-22 21:53:06', 1),
(24, '2018-03-22 22:42:46', 1),
(25, '2018-03-27 18:54:59', 1),
(26, '2018-03-27 23:17:09', 1),
(27, '2018-03-28 23:17:08', 1),
(28, '2018-03-29 23:06:53', 1),
(29, '2018-04-01 16:30:36', 1),
(30, '2018-04-03 16:06:02', 1),
(31, '2018-04-03 23:15:58', 1),
(32, '2018-04-05 16:06:35', 1),
(33, '2018-04-05 23:24:59', 1),
(34, '2018-04-08 20:58:43', 1),
(35, '2018-04-08 23:18:32', 1),
(36, '2018-04-12 17:25:28', 1),
(37, '2018-04-12 23:16:53', 1),
(38, '2018-04-15 23:15:27', 1),
(39, '2018-04-16 23:23:07', 1),
(40, '2018-04-17 23:19:00', 1),
(41, '2018-04-18 23:14:07', 1),
(42, '2018-04-21 14:20:02', 1);

-- --------------------------------------------------------

--
-- Table structure for table `color`
--

CREATE TABLE `color` (
  `id` int(11) NOT NULL,
  `title` varchar(50) NOT NULL,
  `sortorder` int(11) NOT NULL,
  `ts` timestamp NOT NULL DEFAULT CURRENT_TIMESTAMP ON UPDATE CURRENT_TIMESTAMP
) ENGINE=InnoDB DEFAULT CHARSET=latin1;

--
-- Dumping data for table `color`
--

INSERT INTO `color` (`id`, `title`, `sortorder`, `ts`) VALUES
(1, 'Red', 1, '2017-11-23 15:25:38'),
(2, 'Black', 2, '2017-11-23 15:25:48'),
(3, 'Yellow', 3, '2017-12-06 12:56:31');

-- --------------------------------------------------------

--
-- Table structure for table `colors`
--

CREATE TABLE `colors` (
  `id` int(11) NOT NULL,
  `title` varchar(50) NOT NULL,
  `sortorder` int(11) NOT NULL,
  `ts` timestamp NOT NULL DEFAULT CURRENT_TIMESTAMP ON UPDATE CURRENT_TIMESTAMP
) ENGINE=InnoDB DEFAULT CHARSET=latin1;

-- --------------------------------------------------------

--
-- Table structure for table `config_type`
--

CREATE TABLE `config_type` (
  `id` int(11) NOT NULL,
  `title` varchar(200) NOT NULL,
  `sortorder` int(11) NOT NULL
) ENGINE=MyISAM DEFAULT CHARSET=utf8;

--
-- Dumping data for table `config_type`
--

INSERT INTO `config_type` (`id`, `title`, `sortorder`) VALUES
(1, 'General Settings', 1);

-- --------------------------------------------------------

--
-- Table structure for table `config_variable`
--

CREATE TABLE `config_variable` (
  `id` int(11) NOT NULL,
  `config_type_id` int(11) NOT NULL,
  `title` varchar(512) NOT NULL,
  `notes` varchar(512) NOT NULL,
  `type` varchar(200) NOT NULL,
  `default_values` text NOT NULL,
  `key` varchar(200) NOT NULL,
  `value` text NOT NULL,
  `sortorder` int(11) NOT NULL
) ENGINE=MyISAM DEFAULT CHARSET=utf8;

--
-- Dumping data for table `config_variable`
--

INSERT INTO `config_variable` (`id`, `config_type_id`, `title`, `notes`, `type`, `default_values`, `key`, `value`, `sortorder`) VALUES
(1, 1, 'Site URL', '', 'text', '', 'site_url', 'http://hibasfashion', 2),
(2, 1, 'Site Title', '', 'text', '', 'site_title', 'Heeba\'s Fashion', 1),
(3, 1, 'Admin Logo', '', 'file', '', 'admin_logo', '', 4),
(11, 1, 'Thermal Printer Title', 'Enter the thermal printer installed on your pc. You can find it in your control panel settings', 'text', '', 'thermal_printer_title', 'BlackCopper 80mm Series', 6),
(10, 1, 'Currency Symbol', '', 'text', '', 'currency_symbol', 'Rs', 5),
(7, 1, 'Admin Email', 'Main Email Address where all the notifications will be sent.', 'text', '', 'admin_email', 'mimran0900@gmail.com', 3),
(12, 1, 'Thermal Printer Width', 'enter width in mm (e.g. 80)', 'text', '', 'thermal_printer_width', '80', 7),
(13, 1, 'Barcode Printer Title', 'Enter the barcode printer installed on your pc. You can find it in your control panel settings', 'text', '', 'barcode_printer_title', 'Bar Code Printer G210', 8),
(14, 1, 'Barcode Receipt Width', 'enter width in mm (e.g. 32)', 'text', '', 'barcode_printer_width', '34', 9),
(15, 1, 'Barcode Receipt Height', 'enter width in mm (e.g. 24)', 'text', '', 'barcode_printer_height', '24', 10),
(16, 1, 'Login Logo', '', 'file', '', 'login_logo', '', 11),
(20, 1, 'Reciept Logo', '', 'file', '', 'reciept_logo', '', 12),
(22, 1, 'Address Phone', '', 'textarea', '', 'address_phone', 'Address: Shop # 4, Opp:Junaid Jamshaid, Sakhi Wahab Complex, Chandni Saddar Cant, Hyderabad.\r\nPhone:0322-2050746, 022 2784602.', 13),
(23, 1, 'Business Opening Hour', 'When shop/office is opened daily 1-24?', 'text', '', 'opening_hour', '09', 14);

-- --------------------------------------------------------

--
-- Table structure for table `customer`
--

CREATE TABLE `customer` (
  `id` int(11) NOT NULL,
  `customer_code` varchar(50) NOT NULL,
  `customer_name` varchar(100) CHARACTER SET latin1 NOT NULL,
  `phone` varchar(50) CHARACTER SET latin1 NOT NULL,
  `address` text CHARACTER SET latin1 NOT NULL,
  `balance` decimal(10,2) NOT NULL,
  `status` int(1) NOT NULL DEFAULT '1',
  `ts` timestamp NOT NULL DEFAULT CURRENT_TIMESTAMP
) ENGINE=InnoDB DEFAULT CHARSET=utf8mb4;

--
-- Dumping data for table `customer`
--

INSERT INTO `customer` (`id`, `customer_code`, `customer_name`, `phone`, `address`, `balance`, `status`, `ts`) VALUES
(6, '', 'Zahid Hussain Korai     Shoulder=18\" Pent wst=40\"', '0333-1379824 / 0300-2758842 WhatsApp', 'Banglow # 1785, Street # 79 I-10/1 Islamabad.\r\nemail: dailywaka@live.com', '0.00', 1, '2018-01-06 15:37:23'),
(7, '', '', '', '', '0.00', 1, '2018-01-08 15:17:46'),
(8, '', '', '', '', '0.00', 1, '2018-01-08 15:18:51'),
(9, '', '', '', '', '0.00', 1, '2018-01-08 15:20:22'),
(10, '', '', '', '', '0.00', 1, '2018-01-08 15:20:58'),
(11, '', '', '', '', '0.00', 1, '2018-01-08 18:23:16'),
(12, '', '', '', '', '0.00', 1, '2018-01-09 13:32:25'),
(13, '', '', '', '', '0.00', 1, '2018-01-09 13:34:56'),
(14, '', '', '', '', '0.00', 1, '2018-01-09 14:16:29'),
(15, '', '', '', '', '0.00', 1, '2018-01-09 15:11:30'),
(16, '', '', '', '', '0.00', 1, '2018-01-09 15:31:48'),
(17, '', '', '', '', '0.00', 1, '2018-01-09 15:49:01'),
(18, '', '', '', '', '0.00', 1, '2018-01-10 12:47:05'),
(19, '', '', '', '', '0.00', 1, '2018-01-10 13:39:53'),
(20, '', '', '', '', '0.00', 1, '2018-01-10 14:41:03'),
(21, '', '', '', '', '0.00', 1, '2018-01-10 15:58:01'),
(22, '', '', '', '', '0.00', 1, '2018-01-10 17:07:48'),
(23, '', '', '', '', '0.00', 1, '2018-01-10 18:05:29'),
(24, '', '', '', '', '0.00', 1, '2018-01-11 09:54:17'),
(25, '', '', '', '', '0.00', 1, '2018-01-11 12:39:36'),
(26, '', '', '', '', '0.00', 1, '2018-01-11 13:39:15'),
(27, '', '', '', '', '0.00', 1, '2018-01-11 13:52:26'),
(28, '', '', '', '', '0.00', 1, '2018-01-11 13:58:43'),
(29, '', '', '', '', '0.00', 1, '2018-01-11 15:44:40'),
(30, '', '', '', '', '0.00', 1, '2018-01-11 15:45:59'),
(31, '', 'Rizwan Carpenter', '', '', '0.00', 1, '2018-01-20 12:47:19'),
(32, '', 'Aatish', '03360027872', 'Tommy Jeans White OIl Spoted\r\nOn Sale Basis', '0.00', 1, '2018-01-27 14:37:47');

-- --------------------------------------------------------

--
-- Table structure for table `customer_payment`
--

CREATE TABLE `customer_payment` (
  `id` int(11) NOT NULL,
  `customer_id` int(11) NOT NULL,
  `datetime_added` datetime NOT NULL,
  `amount` decimal(10,2) NOT NULL,
  `account_id` int(11) NOT NULL,
  `details` varchar(1000) NOT NULL,
  `status` int(1) NOT NULL DEFAULT '1',
  `ts` timestamp NOT NULL DEFAULT CURRENT_TIMESTAMP ON UPDATE CURRENT_TIMESTAMP
) ENGINE=InnoDB DEFAULT CHARSET=latin1;

-- --------------------------------------------------------

--
-- Table structure for table `expense`
--

CREATE TABLE `expense` (
  `id` int(11) NOT NULL,
  `datetime_added` datetime NOT NULL,
  `expense_category_id` int(11) NOT NULL,
  `account_id` int(11) NOT NULL,
  `details` varchar(1000) NOT NULL,
  `amount` decimal(10,2) NOT NULL,
  `added_by` int(11) NOT NULL,
  `status` int(1) NOT NULL DEFAULT '1',
  `ts` timestamp NOT NULL DEFAULT CURRENT_TIMESTAMP ON UPDATE CURRENT_TIMESTAMP
) ENGINE=InnoDB DEFAULT CHARSET=utf8mb4;

--
-- Dumping data for table `expense`
--

INSERT INTO `expense` (`id`, `datetime_added`, `expense_category_id`, `account_id`, `details`, `amount`, `added_by`, `status`, `ts`) VALUES
(1, '2018-01-25 14:50:00', 2, 4, '', '160.00', 1, 1, '2018-02-14 09:52:08'),
(2, '2018-01-25 14:51:00', 3, 4, '', '80.00', 1, 1, '2018-02-14 09:51:59'),
(3, '2018-01-25 14:52:00', 12, 4, '', '60.00', 1, 1, '2018-02-14 09:52:57'),
(4, '2018-01-25 14:53:00', 13, 4, '', '50.00', 1, 1, '2018-02-14 09:53:20'),
(5, '2018-02-14 22:57:04', 2, 4, '', '160.00', 1, 1, '2018-02-14 17:57:04'),
(6, '2018-02-14 22:57:25', 3, 4, '', '100.00', 1, 1, '2018-02-14 17:57:25'),
(7, '2018-02-15 23:38:24', 2, 4, '', '180.00', 1, 1, '2018-02-15 18:38:24'),
(8, '2018-02-15 23:38:38', 3, 4, '', '40.00', 1, 1, '2018-02-15 18:38:38'),
(9, '2018-02-15 23:39:13', 3, 4, '', '60.00', 1, 1, '2018-02-15 18:39:13'),
(10, '2018-02-15 23:40:58', 5, 4, '', '1000.00', 1, 1, '2018-02-15 18:40:58'),
(11, '2018-02-22 23:30:41', 2, 4, '', '180.00', 1, 1, '2018-02-22 18:30:41'),
(12, '2018-02-22 23:30:54', 3, 4, '', '120.00', 1, 1, '2018-02-22 18:30:54'),
(13, '2018-02-22 23:31:28', 12, 4, '', '20.00', 1, 1, '2018-02-22 18:31:28'),
(14, '2018-02-22 23:32:00', 6, 4, 'Al-Mehdi Garments', '410.00', 1, 1, '2018-02-22 18:32:00'),
(15, '2018-02-22 23:32:44', 14, 4, 'Bilal', '100.00', 1, 1, '2018-02-22 18:32:44'),
(16, '2018-02-24 23:13:14', 2, 4, '', '170.00', 1, 1, '2018-02-24 18:13:14'),
(17, '2018-02-24 23:13:25', 3, 4, '', '100.00', 1, 1, '2018-02-24 18:13:25'),
(18, '2018-02-24 23:13:44', 7, 4, 'zong', '1500.00', 1, 1, '2018-02-24 18:13:44'),
(19, '2018-02-24 23:14:15', 4, 4, '', '100.00', 1, 1, '2018-02-24 18:14:15'),
(20, '2018-02-25 23:13:25', 2, 4, '', '260.00', 1, 1, '2018-02-25 18:13:25'),
(21, '2018-02-25 23:13:38', 3, 4, '', '100.00', 1, 1, '2018-02-25 18:13:38'),
(22, '2018-02-25 23:14:21', 13, 4, '', '100.00', 1, 1, '2018-02-25 18:14:21'),
(23, '2018-02-26 16:39:00', 2, 4, '', '150.00', 1, 1, '2018-02-28 11:41:10'),
(24, '2018-02-26 16:41:00', 3, 4, '', '80.00', 1, 1, '2018-02-28 11:41:37'),
(25, '2018-02-27 16:41:00', 2, 4, '', '170.00', 1, 1, '2018-02-28 11:42:21'),
(26, '2018-02-27 16:42:00', 3, 4, '', '100.00', 1, 1, '2018-02-28 11:42:43'),
(27, '2018-02-27 16:42:00', 13, 4, '', '20.00', 1, 1, '2018-02-28 11:43:07'),
(29, '2018-02-28 22:38:00', 2, 4, '', '110.00', 1, 1, '2018-03-06 17:40:43'),
(30, '2018-02-28 22:42:00', 3, 4, '', '140.00', 1, 1, '2018-03-06 17:42:59'),
(31, '2018-02-28 22:43:00', 13, 4, '', '40.00', 1, 1, '2018-03-06 17:44:11'),
(32, '2018-03-01 22:44:00', 2, 4, '', '90.00', 1, 1, '2018-03-06 17:44:40'),
(33, '2018-03-01 22:44:00', 3, 4, '', '80.00', 1, 1, '2018-03-06 17:45:02'),
(34, '2018-03-03 22:45:00', 2, 4, '', '110.00', 1, 1, '2018-03-06 17:45:37'),
(35, '2018-03-03 22:45:00', 3, 4, '', '80.00', 1, 1, '2018-03-06 17:47:58'),
(36, '2018-03-04 22:48:00', 2, 4, '', '90.00', 1, 1, '2018-03-06 17:48:50'),
(37, '2018-03-04 22:48:00', 3, 4, '', '80.00', 1, 1, '2018-03-06 17:49:11'),
(38, '2018-03-05 22:49:00', 2, 4, '', '130.00', 1, 1, '2018-03-06 17:49:45'),
(39, '2018-03-05 22:49:00', 3, 4, '', '120.00', 1, 1, '2018-03-07 13:40:58'),
(40, '2018-03-05 22:50:00', 14, 4, 'Bilal Weakly.', '100.00', 1, 1, '2018-03-06 17:50:57'),
(41, '2018-02-28 22:55:00', 1, 4, 'SS Bracket. 2. Pcs, 12\".', '300.00', 1, 1, '2018-03-06 17:56:46'),
(42, '2018-03-06 18:42:00', 2, 4, '', '200.00', 1, 1, '2018-03-07 13:42:29'),
(43, '2018-03-06 18:42:00', 3, 4, '', '100.00', 1, 1, '2018-03-07 13:43:07'),
(44, '2018-03-06 18:43:00', 4, 4, '', '100.00', 1, 1, '2018-03-07 13:43:34'),
(45, '2018-03-06 18:43:00', 11, 4, 'Chowkidaar Salary', '400.00', 1, 1, '2018-03-07 13:44:14'),
(46, '2018-03-07 23:10:48', 2, 4, '', '200.00', 1, 1, '2018-03-07 18:10:48'),
(47, '2018-03-07 23:11:03', 3, 4, '', '110.00', 1, 1, '2018-03-07 18:11:03'),
(48, '2018-03-07 23:11:42', 13, 4, '', '20.00', 1, 1, '2018-03-07 18:11:42'),
(49, '2018-03-10 23:07:06', 7, 4, 'warid', '1000.00', 1, 1, '2018-03-10 18:07:06'),
(50, '2018-03-10 23:07:20', 2, 4, '', '150.00', 1, 1, '2018-03-10 18:07:20'),
(51, '2018-03-10 23:07:32', 3, 4, '', '140.00', 1, 1, '2018-03-10 18:07:32'),
(52, '2018-03-10 23:07:44', 13, 4, '', '40.00', 1, 1, '2018-03-10 18:07:44'),
(53, '2018-03-10 23:08:11', 1, 4, 'ice', '20.00', 1, 1, '2018-03-10 18:08:11'),
(54, '2018-03-10 23:08:46', 4, 4, '', '100.00', 1, 1, '2018-03-10 18:08:46'),
(55, '2018-03-08 23:18:00', 1, 4, 'Shop Board Charges', '1000.00', 1, 1, '2018-03-10 18:18:35'),
(56, '2018-03-08 23:18:00', 2, 4, '', '80.00', 1, 1, '2018-03-10 18:18:54'),
(57, '2018-03-08 23:19:00', 3, 4, '', '100.00', 1, 1, '2018-03-10 18:19:15'),
(58, '2018-03-08 23:19:00', 1, 4, 'Capacitor, B.Cell & Plug', '180.00', 1, 1, '2018-03-10 18:20:32'),
(59, '2018-03-08 23:20:00', 14, 4, 'Bilal Weakly', '100.00', 1, 1, '2018-03-10 18:21:00'),
(60, '2018-03-08 23:21:00', 11, 4, 'Bilal Salary', '10000.00', 1, 1, '2018-03-10 18:21:44'),
(61, '2018-03-10 23:21:00', 11, 4, 'Zafar Salary', '3000.00', 1, 1, '2018-03-10 18:22:05'),
(62, '2018-03-11 23:13:31', 2, 4, '', '200.00', 1, 1, '2018-03-11 18:13:31'),
(63, '2018-03-11 23:13:41', 3, 4, '', '80.00', 1, 1, '2018-03-11 18:13:41'),
(64, '2018-03-11 23:13:50', 13, 4, '', '20.00', 1, 1, '2018-03-11 18:13:50'),
(65, '2018-03-11 23:14:06', 1, 4, 'ice', '10.00', 1, 1, '2018-03-11 18:14:06'),
(66, '2018-03-11 23:14:37', 1, 4, 'self exp', '1000.00', 1, 1, '2018-03-11 18:14:37'),
(67, '2018-03-12 22:07:26', 2, 4, '', '170.00', 1, 1, '2018-03-12 17:07:26'),
(68, '2018-03-12 22:08:00', 1, 4, 'Ice', '10.00', 1, 1, '2018-03-12 17:08:00'),
(69, '2018-03-12 22:09:17', 1, 4, 'Tag Gun Needle, Surf, Cloth Ect.', '300.00', 1, 1, '2018-03-12 17:09:17'),
(70, '2018-03-13 20:50:10', 8, 4, 'Telephone Bill Installment', '5000.00', 1, 1, '2018-03-13 15:50:10'),
(71, '2018-03-13 20:50:35', 2, 4, '', '160.00', 1, 1, '2018-03-13 15:50:35'),
(72, '2018-03-12 20:54:00', 3, 4, '', '100.00', 1, 1, '2018-03-13 15:54:34'),
(73, '2018-03-13 23:17:08', 3, 4, '', '80.00', 1, 1, '2018-03-13 18:17:08'),
(74, '2018-03-14 23:08:55', 2, 4, '', '160.00', 1, 1, '2018-03-14 18:08:55'),
(75, '2018-03-14 23:09:08', 3, 4, '', '100.00', 1, 1, '2018-03-14 18:09:08'),
(76, '2018-03-14 23:09:18', 4, 4, '', '100.00', 1, 1, '2018-03-14 18:09:18'),
(77, '2018-03-15 22:04:35', 2, 4, '', '200.00', 1, 1, '2018-03-15 17:04:35'),
(78, '2018-03-15 22:04:55', 13, 4, '', '50.00', 1, 1, '2018-03-15 17:04:55'),
(79, '2018-03-15 22:07:24', 3, 4, '', '40.00', 1, 1, '2018-03-15 17:07:24'),
(80, '2018-03-15 22:07:54', 12, 4, '', '120.00', 1, 1, '2018-03-15 17:07:54'),
(81, '2018-03-18 22:47:00', 2, 4, '', '110.00', 1, 1, '2018-03-18 17:49:21'),
(82, '2018-03-18 22:47:27', 3, 4, '', '40.00', 1, 1, '2018-03-18 17:47:27'),
(83, '2018-03-18 22:47:58', 1, 4, 'Dori', '40.00', 1, 1, '2018-03-18 17:47:58'),
(84, '2018-03-17 22:49:00', 2, 4, '', '90.00', 1, 1, '2018-03-18 17:49:46'),
(85, '2018-03-17 22:49:00', 3, 4, '', '40.00', 1, 1, '2018-03-18 17:50:10'),
(86, '2018-03-17 22:50:00', 1, 0, 'Refreshment', '40.00', 1, 1, '2018-03-18 17:50:46'),
(87, '2018-03-19 22:31:00', 2, 4, '', '150.00', 1, 1, '2018-03-20 17:31:42'),
(88, '2018-03-19 22:31:00', 3, 4, '', '80.00', 1, 1, '2018-03-20 17:32:06'),
(89, '2018-03-19 22:32:00', 1, 4, '', '60.00', 1, 1, '2018-03-20 17:32:33'),
(90, '2018-03-20 22:33:03', 2, 4, '', '170.00', 1, 1, '2018-03-20 17:33:03'),
(91, '2018-03-20 22:33:14', 3, 4, '', '80.00', 1, 1, '2018-03-20 17:33:14'),
(92, '2018-03-21 21:51:00', 2, 4, '', '180.00', 1, 1, '2018-03-22 17:30:10'),
(93, '2018-03-21 21:51:00', 3, 4, '', '80.00', 1, 1, '2018-03-22 17:29:51'),
(94, '2018-03-21 21:51:00', 1, 4, '', '20.00', 1, 1, '2018-03-22 17:29:32'),
(95, '2018-03-21 21:52:00', 13, 4, '', '20.00', 1, 1, '2018-03-22 17:29:08'),
(96, '2018-03-21 21:52:00', 1, 4, 'M/Cycle Repair', '1750.00', 1, 1, '2018-03-22 17:28:46'),
(97, '2018-03-22 22:04:21', 2, 4, '', '140.00', 1, 1, '2018-03-22 17:04:21'),
(98, '2018-03-22 22:04:32', 3, 4, '', '80.00', 1, 1, '2018-03-22 17:04:32'),
(99, '2018-03-22 22:04:44', 4, 4, '', '100.00', 1, 1, '2018-03-22 17:04:44'),
(100, '2018-03-22 22:05:23', 12, 4, 'Water & Ice Weakly', '100.00', 1, 1, '2018-03-22 17:05:23'),
(101, '2018-03-22 22:05:33', 13, 4, '', '30.00', 1, 1, '2018-03-22 17:05:33'),
(102, '2018-03-22 22:31:38', 14, 4, 'Bilal Weakly x2', '200.00', 1, 1, '2018-03-22 17:31:38'),
(103, '2018-03-24 19:07:00', 2, 4, '', '110.00', 1, 1, '2018-03-27 14:07:17'),
(104, '2018-03-24 19:08:00', 3, 4, '', '40.00', 1, 1, '2018-03-27 14:08:15'),
(105, '2018-03-25 19:08:00', 2, 4, '', '90.00', 1, 1, '2018-03-27 14:08:52'),
(106, '2018-03-25 19:08:00', 3, 4, '', '40.00', 1, 1, '2018-03-27 14:09:21'),
(107, '2018-03-26 19:09:00', 2, 4, '', '90.00', 1, 1, '2018-03-27 14:10:51'),
(108, '2018-03-26 19:10:00', 7, 4, '', '1500.00', 1, 1, '2018-03-27 14:11:25'),
(109, '2018-03-26 19:11:00', 13, 4, 'Masjid Monthly + Khairaat', '110.00', 1, 1, '2018-03-27 14:14:26'),
(110, '2018-03-26 19:14:00', 3, 4, '', '80.00', 1, 1, '2018-03-27 14:15:09'),
(111, '2018-03-27 23:15:50', 2, 4, '', '140.00', 1, 1, '2018-03-27 18:15:50'),
(112, '2018-03-27 23:16:29', 3, 4, '', '80.00', 1, 1, '2018-03-27 18:16:29'),
(113, '2018-03-27 23:16:49', 13, 4, 'Box', '100.00', 1, 1, '2018-03-27 18:16:49'),
(114, '2018-03-28 23:05:00', 2, 4, '', '160.00', 1, 1, '2018-03-28 18:05:46'),
(115, '2018-03-28 23:06:10', 3, 4, '', '40.00', 1, 1, '2018-03-28 18:06:10'),
(116, '2018-03-28 23:06:55', 1, 4, 'UPS Installment', '2000.00', 1, 1, '2018-03-28 18:06:55'),
(117, '2018-03-28 23:08:36', 1, 4, 'P. Coating + B. Cell', '50.00', 1, 1, '2018-03-28 18:08:36'),
(118, '2018-03-27 23:10:00', 1, 4, 'Self Exp + Accomodation + B. Fast + Dinner ', '1500.00', 1, 1, '2018-03-28 18:11:51'),
(119, '2018-03-27 23:12:00', 1, 4, 'M. Cycle Exp', '200.00', 1, 1, '2018-03-28 18:13:14'),
(120, '2018-03-22 23:13:00', 1, 4, 'Self Exp', '500.00', 1, 1, '2018-03-28 18:14:36'),
(121, '2018-03-22 23:14:00', 5, 4, 'Karachi to Hyd Exp', '1500.00', 1, 1, '2018-03-28 18:15:41'),
(122, '2018-03-27 23:16:00', 4, 4, '', '100.00', 1, 1, '2018-03-28 18:16:46'),
(123, '2018-03-29 23:03:26', 2, 4, '', '120.00', 1, 1, '2018-03-29 18:03:26'),
(124, '2018-03-29 23:03:40', 3, 4, '', '40.00', 1, 1, '2018-03-29 18:03:40'),
(125, '2018-03-29 23:03:57', 13, 4, '', '10.00', 1, 1, '2018-03-29 18:03:57'),
(126, '2018-03-29 23:05:10', 1, 4, 'B.Cell', '15.00', 1, 1, '2018-03-29 18:05:10'),
(131, '2018-04-01 23:18:00', 2, 4, '', '150.00', 1, 1, '2018-04-02 18:19:52'),
(132, '2018-04-01 23:19:00', 3, 4, '', '40.00', 1, 1, '2018-04-02 18:21:38'),
(133, '2018-04-03 23:11:15', 2, 4, '', '160.00', 1, 1, '2018-04-03 18:11:15'),
(134, '2018-04-03 23:11:30', 3, 4, '', '60.00', 1, 1, '2018-04-03 18:11:30'),
(135, '2018-04-03 23:11:43', 4, 4, '', '100.00', 1, 1, '2018-04-03 18:11:43'),
(136, '2018-04-03 23:13:41', 6, 4, 'S.S 2nd Parcle (Gown+Dupatta)', '500.00', 1, 1, '2018-04-03 18:13:41'),
(137, '2018-04-08 23:17:01', 2, 4, '', '100.00', 1, 1, '2018-04-08 18:17:01'),
(138, '2018-04-08 23:17:12', 3, 4, '', '60.00', 1, 1, '2018-04-08 18:17:12'),
(139, '2018-04-08 23:17:40', 1, 4, 'Charging Cable', '100.00', 1, 1, '2018-04-08 18:17:40'),
(140, '2018-01-26 22:44:00', 3, 4, '', '80.00', 1, 1, '2018-04-16 17:45:52'),
(141, '2018-01-26 22:46:00', 14, 4, 'Zafar 100/= Bilal 200/=', '300.00', 1, 1, '2018-04-16 17:48:33'),
(142, '2018-01-27 23:05:00', 2, 4, '', '200.00', 1, 1, '2018-04-16 18:06:09'),
(143, '2018-01-27 23:06:00', 3, 4, '', '150.00', 1, 1, '2018-04-16 18:06:33'),
(144, '2018-01-27 23:06:00', 1, 4, 'Extra Exp', '100.00', 1, 1, '2018-04-16 18:07:17'),
(145, '2018-01-27 23:07:00', 1, 4, 'Monthly Masjid', '100.00', 1, 1, '2018-04-16 18:08:10'),
(146, '2018-04-16 23:19:04', 2, 4, '', '80.00', 1, 1, '2018-04-16 18:19:04'),
(147, '2018-04-16 23:19:18', 3, 4, '', '100.00', 1, 1, '2018-04-16 18:19:18'),
(148, '2018-04-16 23:20:11', 1, 4, 'DInner', '100.00', 1, 1, '2018-04-16 18:20:11'),
(149, '2018-04-16 23:20:24', 4, 4, '', '100.00', 1, 1, '2018-04-16 18:20:24'),
(150, '2018-01-28 16:27:00', 2, 4, '', '160.00', 1, 1, '2018-04-17 11:28:54'),
(151, '2018-01-28 16:28:00', 3, 4, '', '80.00', 1, 1, '2018-04-17 11:29:19'),
(152, '2018-01-29 16:30:00', 2, 4, '', '170.00', 1, 1, '2018-04-17 11:31:20'),
(153, '2018-01-29 16:31:00', 3, 4, '', '80.00', 1, 1, '2018-04-17 11:31:44'),
(154, '2018-01-29 16:31:00', 4, 4, '', '100.00', 1, 1, '2018-04-17 11:32:03'),
(155, '2018-01-30 17:55:00', 2, 4, '', '100.00', 1, 1, '2018-04-17 12:55:42'),
(156, '2018-01-30 17:55:00', 3, 4, '', '80.00', 1, 1, '2018-04-17 12:56:01'),
(157, '2018-01-30 17:56:00', 7, 4, '', '1800.00', 1, 1, '2018-04-17 12:56:24'),
(158, '2018-01-31 18:37:00', 2, 4, '', '90.00', 1, 1, '2018-04-17 13:38:01'),
(159, '2018-01-31 18:38:00', 3, 4, '', '80.00', 1, 1, '2018-04-17 13:38:22'),
(160, '2018-01-31 18:38:00', 1, 4, 'Hyd Flat Exp', '1000.00', 1, 1, '2018-04-17 13:38:59'),
(161, '2018-01-31 18:39:00', 3, 0, 'Karachi Hyd', '1500.00', 1, 1, '2018-04-17 13:39:42'),
(162, '2018-02-01 18:43:00', 2, 4, '', '110.00', 1, 1, '2018-04-17 13:44:30'),
(163, '2018-02-01 18:44:00', 3, 4, '', '80.00', 1, 1, '2018-04-17 13:44:49'),
(164, '2018-02-01 18:44:00', 12, 4, '', '40.00', 1, 1, '2018-04-17 13:45:11'),
(165, '2018-02-03 18:45:00', 2, 4, '', '100.00', 1, 1, '2018-04-17 13:46:09'),
(166, '2018-02-03 18:46:00', 3, 4, '', '80.00', 1, 1, '2018-04-17 13:46:30'),
(167, '2018-02-04 18:47:00', 2, 4, '', '200.00', 1, 1, '2018-04-17 13:48:30'),
(168, '2018-02-04 18:47:00', 3, 4, '', '40.00', 1, 1, '2018-04-17 13:48:04'),
(169, '2018-02-04 18:48:00', 11, 4, 'Bilal Salary Part 5000/= Zafar Salary 3000/= Chowkidar Salary 400/=', '8400.00', 1, 1, '2018-04-17 13:50:14'),
(170, '2018-02-05 18:51:00', 2, 4, '', '160.00', 1, 1, '2018-04-17 13:51:56'),
(171, '2018-02-05 18:51:00', 3, 4, '', '120.00', 1, 1, '2018-04-17 13:52:21'),
(172, '2018-02-05 18:52:00', 1, 4, 'Mobile Charger', '250.00', 1, 1, '2018-04-17 13:52:50'),
(173, '2018-02-06 18:54:00', 2, 4, '', '160.00', 1, 1, '2018-04-17 13:54:23'),
(174, '2018-02-06 18:54:00', 3, 4, '', '40.00', 1, 1, '2018-04-17 13:54:42'),
(175, '2018-02-06 18:54:00', 1, 4, 'Shopping Bags For Tights', '300.00', 1, 1, '2018-04-17 13:55:26'),
(176, '2018-02-07 18:56:00', 2, 4, '', '80.00', 1, 1, '2018-04-17 13:56:45'),
(177, '2018-02-07 18:56:00', 3, 4, '', '120.00', 1, 1, '2018-04-17 13:57:04'),
(178, '2018-02-07 18:57:00', 1, 4, 'Donation', '50.00', 1, 1, '2018-04-17 13:57:33'),
(179, '2018-02-07 18:57:00', 14, 4, '', '200.00', 1, 1, '2018-04-17 13:57:59'),
(180, '2018-02-08 18:58:00', 2, 4, '', '80.00', 1, 1, '2018-04-17 14:10:51'),
(181, '2018-02-08 19:10:00', 3, 4, '', '120.00', 1, 1, '2018-04-17 14:11:14'),
(182, '2018-02-08 19:11:00', 13, 4, '', '40.00', 1, 1, '2018-04-17 14:11:40'),
(183, '2018-02-08 19:11:00', 1, 4, '', '100.00', 1, 1, '2018-04-17 14:12:01'),
(184, '2018-02-09 19:17:00', 11, 4, 'Bilal Salary Clear', '5000.00', 1, 1, '2018-04-17 14:18:12'),
(185, '2018-02-09 19:18:00', 3, 4, '', '40.00', 1, 1, '2018-04-17 14:18:41'),
(186, '2018-02-09 19:19:00', 2, 4, '', '90.00', 1, 1, '2018-04-17 14:19:54'),
(187, '2018-02-10 19:19:00', 2, 4, '', '90.00', 1, 1, '2018-04-17 14:41:47'),
(188, '2018-02-10 19:41:00', 3, 4, '', '80.00', 1, 1, '2018-04-17 14:42:11'),
(189, '2018-02-10 19:42:00', 4, 4, '', '100.00', 1, 1, '2018-04-17 14:42:33'),
(190, '2018-02-11 19:43:00', 2, 4, '', '100.00', 1, 1, '2018-04-17 14:43:20'),
(191, '2018-02-11 19:43:00', 3, 4, '', '80.00', 1, 1, '2018-04-17 14:43:49'),
(192, '2018-02-11 19:43:00', 1, 4, 'Elfy', '70.00', 1, 1, '2018-04-17 14:44:58'),
(193, '2018-02-12 19:45:00', 2, 4, '', '170.00', 1, 1, '2018-04-17 14:46:08'),
(194, '2018-02-12 19:46:00', 3, 4, '', '120.00', 1, 1, '2018-04-17 14:46:28'),
(195, '2018-02-12 19:46:00', 13, 4, '', '20.00', 1, 1, '2018-04-17 14:46:50'),
(196, '2018-02-12 19:46:00', 1, 4, '', '150.00', 1, 1, '2018-04-17 14:47:15'),
(197, '2018-02-13 19:48:00', 2, 4, '', '150.00', 1, 1, '2018-04-17 14:48:43'),
(198, '2018-02-13 19:48:00', 3, 4, '', '100.00', 1, 1, '2018-04-17 14:49:07'),
(199, '2018-02-13 19:49:00', 1, 4, '', '100.00', 1, 1, '2018-04-17 14:49:26'),
(200, '2018-02-13 19:49:00', 1, 4, 'Self Exp', '500.00', 1, 1, '2018-04-17 14:50:07'),
(203, '2018-02-15 19:54:00', 13, 4, '', '40.00', 1, 1, '2018-04-17 14:54:48'),
(204, '2018-02-15 19:55:00', 1, 4, 'Extra Exp\r\n', '300.00', 1, 1, '2018-04-17 14:55:39'),
(205, '2018-02-17 22:11:00', 2, 4, '', '110.00', 1, 1, '2018-04-17 17:11:47'),
(206, '2018-02-17 22:11:00', 3, 4, '', '80.00', 1, 1, '2018-04-17 17:12:06'),
(207, '2018-02-18 22:12:00', 2, 4, '', '100.00', 1, 1, '2018-04-17 17:12:31'),
(208, '2018-02-18 22:12:00', 3, 4, '', '80.00', 1, 1, '2018-04-17 17:12:55'),
(209, '2018-02-19 22:13:00', 2, 4, '', '110.00', 1, 1, '2018-04-17 17:13:37'),
(210, '2018-02-19 22:13:00', 3, 4, '', '40.00', 1, 1, '2018-04-17 17:15:08'),
(211, '2018-02-20 22:18:00', 2, 4, '', '210.00', 1, 1, '2018-04-17 17:20:27'),
(212, '2018-02-20 22:20:00', 3, 4, '', '80.00', 1, 1, '2018-04-17 17:20:51'),
(213, '2018-02-20 22:20:00', 1, 4, '', '30.00', 1, 1, '2018-04-17 17:21:08'),
(214, '2018-02-21 22:21:00', 2, 4, '', '100.00', 1, 1, '2018-04-17 17:21:34'),
(215, '2018-02-21 22:21:00', 3, 4, '', '40.00', 1, 1, '2018-04-17 17:21:51'),
(216, '2018-02-24 22:33:00', 1, 4, 'Masjid Monthly', '100.00', 1, 1, '2018-04-17 17:34:15'),
(217, '2018-02-25 22:35:00', 12, 4, 'Ice', '10.00', 1, 1, '2018-04-17 17:35:51'),
(218, '2018-03-10 22:53:00', 1, 4, 'Self Exp', '500.00', 1, 1, '2018-04-17 17:53:49'),
(219, '2018-04-17 23:17:37', 2, 4, '', '80.00', 1, 1, '2018-04-17 18:17:37'),
(220, '2018-04-17 23:17:51', 3, 4, '', '140.00', 1, 1, '2018-04-17 18:17:51'),
(221, '2018-04-17 23:18:03', 13, 4, '', '10.00', 1, 1, '2018-04-17 18:18:03'),
(222, '2018-03-18 18:14:00', 1, 4, 'Self Exp', '1000.00', 1, 1, '2018-04-18 13:15:43'),
(223, '2018-03-20 18:18:00', 1, 4, 'Self Exp', '1000.00', 1, 1, '2018-04-18 13:18:47'),
(226, '2018-03-29 18:40:00', 12, 4, '', '100.00', 1, 1, '2018-04-18 13:40:49'),
(227, '2018-03-31 18:42:00', 2, 4, '', '150.00', 1, 1, '2018-04-18 13:43:13'),
(228, '2018-03-31 18:43:00', 3, 4, '', '40.00', 1, 1, '2018-04-18 13:43:30'),
(229, '2018-04-01 18:44:00', 6, 4, 'Lawn Suit Builty Exp', '500.00', 1, 1, '2018-04-18 13:45:39'),
(230, '2018-04-01 18:45:00', 6, 4, 'Return Exp Al-Mehdi & Friends Garments ', '550.00', 1, 1, '2018-04-18 13:47:00'),
(231, '2018-04-01 18:47:00', 4, 4, '', '100.00', 1, 1, '2018-04-18 13:47:18'),
(232, '2018-04-02 18:48:00', 2, 4, '', '100.00', 1, 1, '2018-04-18 13:48:26'),
(233, '2018-04-02 18:48:00', 3, 4, '', '80.00', 1, 1, '2018-04-18 13:48:50'),
(234, '2018-04-02 18:48:00', 1, 4, 'Panaflex Banner, Hooks, Cutter & Scosh Tape.', '1130.00', 1, 1, '2018-04-18 13:50:40'),
(235, '2018-04-04 18:54:00', 2, 4, '', '120.00', 1, 1, '2018-04-18 13:54:29'),
(236, '2018-04-04 18:54:00', 3, 4, '', '80.00', 1, 1, '2018-04-18 13:55:13'),
(237, '2018-04-04 18:55:00', 1, 4, 'M/Cycle Exp & Hook', '140.00', 1, 1, '2018-04-18 13:56:14'),
(238, '2018-04-05 18:57:00', 2, 4, '', '80.00', 1, 1, '2018-04-18 13:59:32'),
(239, '2018-04-05 18:59:00', 3, 4, '', '100.00', 1, 1, '2018-04-18 13:59:53'),
(240, '2018-04-05 19:00:00', 13, 4, '', '40.00', 1, 1, '2018-04-18 14:00:20'),
(241, '2018-04-05 19:00:00', 12, 4, '', '110.00', 1, 1, '2018-04-18 14:00:43'),
(242, '2018-04-05 19:00:00', 11, 4, 'Bilal Salary, Zafar Salary & Chowkidar Salary.', '11400.00', 1, 1, '2018-04-18 14:03:55'),
(243, '2018-04-05 19:04:00', 5, 4, 'Karachi Hyd', '1500.00', 1, 1, '2018-04-18 14:04:34'),
(244, '2018-04-05 19:04:00', 1, 4, 'Self Exp', '2500.00', 1, 1, '2018-04-18 14:05:01'),
(245, '2018-04-07 19:08:00', 2, 4, '', '80.00', 1, 1, '2018-04-18 14:08:14'),
(246, '2018-04-07 19:08:00', 3, 4, '', '80.00', 1, 1, '2018-04-18 14:08:41'),
(247, '2018-04-07 19:08:00', 13, 4, '', '20.00', 1, 1, '2018-04-18 14:09:02'),
(248, '2018-04-08 19:10:00', 4, 4, '', '100.00', 1, 1, '2018-04-18 14:10:15'),
(249, '2018-04-09 19:11:00', 2, 4, '', '80.00', 1, 1, '2018-04-18 14:11:33'),
(250, '2018-04-09 19:11:00', 3, 4, '', '140.00', 1, 1, '2018-04-18 14:11:49'),
(251, '2018-04-09 19:12:00', 1, 4, 'M/Cycle Exp', '500.00', 1, 1, '2018-04-18 14:12:33'),
(252, '2018-04-09 19:12:00', 4, 4, '', '100.00', 1, 1, '2018-04-18 14:12:57'),
(253, '2018-04-09 19:13:00', 1, 4, 'Panaflex Rings', '50.00', 1, 1, '2018-04-18 14:13:24'),
(254, '2018-04-10 19:13:00', 2, 4, '', '180.00', 1, 1, '2018-04-18 14:13:47'),
(255, '2018-04-10 19:13:00', 3, 4, '', '80.00', 1, 1, '2018-04-18 14:14:04'),
(256, '2018-04-10 19:14:00', 13, 4, '', '20.00', 1, 1, '2018-04-18 14:14:20'),
(257, '2018-04-10 19:14:00', 1, 4, 'M/Cycle Clutch Plates, Jump, Labour', '2500.00', 1, 1, '2018-04-18 14:15:22'),
(258, '2018-04-11 19:15:00', 1, 4, 'M/Cycle Rings Ect', '1000.00', 1, 1, '2018-04-18 14:18:41'),
(259, '2018-04-11 19:18:00', 2, 4, '', '160.00', 1, 1, '2018-04-18 14:19:00'),
(260, '2018-04-11 19:19:00', 3, 4, '', '140.00', 1, 1, '2018-04-18 14:19:16'),
(261, '2018-04-11 19:19:00', 4, 4, '', '100.00', 1, 1, '2018-04-18 14:19:32'),
(262, '2018-04-12 19:20:00', 2, 4, '', '80.00', 1, 1, '2018-04-18 14:20:35'),
(263, '2018-04-12 19:20:00', 3, 4, '', '100.00', 1, 1, '2018-04-18 14:20:52'),
(264, '2018-04-12 19:20:00', 12, 4, '', '100.00', 1, 1, '2018-04-18 14:21:11'),
(265, '2018-04-12 19:21:00', 1, 4, 'Insect Spray', '290.00', 1, 1, '2018-04-18 14:22:10'),
(266, '2018-04-12 19:22:00', 5, 4, '', '1500.00', 1, 1, '2018-04-18 14:22:32'),
(267, '2018-04-12 19:22:00', 1, 4, 'Self Exp', '1000.00', 1, 1, '2018-04-18 14:23:15'),
(268, '2018-04-15 19:23:00', 2, 4, '', '60.00', 1, 1, '2018-04-18 14:24:04'),
(269, '2018-04-15 19:24:00', 3, 4, '', '40.00', 1, 1, '2018-04-18 14:24:26'),
(270, '2018-04-18 23:13:40', 2, 4, '', '80.00', 1, 1, '2018-04-18 18:13:40'),
(271, '2018-04-18 23:13:49', 3, 4, '', '100.00', 1, 1, '2018-04-18 18:13:49'),
(272, '2018-04-18 23:13:59', 13, 4, '', '20.00', 1, 1, '2018-04-18 18:13:59'),
(273, '2018-04-19 14:20:00', 2, 4, '', '80.00', 1, 1, '2018-04-21 09:20:38'),
(274, '2018-04-19 14:20:00', 3, 4, '', '100.00', 1, 1, '2018-04-21 09:20:55'),
(275, '2018-04-19 14:20:00', 4, 4, '', '100.00', 1, 1, '2018-04-21 09:21:12');

-- --------------------------------------------------------

--
-- Table structure for table `expense_category`
--

CREATE TABLE `expense_category` (
  `id` int(11) NOT NULL,
  `title` varchar(50) NOT NULL,
  `status` int(11) NOT NULL DEFAULT '1',
  `ts` timestamp NOT NULL DEFAULT CURRENT_TIMESTAMP ON UPDATE CURRENT_TIMESTAMP
) ENGINE=InnoDB DEFAULT CHARSET=latin1;

--
-- Dumping data for table `expense_category`
--

INSERT INTO `expense_category` (`id`, `title`, `status`, `ts`) VALUES
(1, 'General Expense', 1, '2017-10-19 15:58:08'),
(2, 'Lunch Expense', 1, '2018-01-09 13:05:43'),
(3, 'Tea Expense', 1, '2018-01-09 13:05:52'),
(4, 'Petrol Expense', 1, '2018-01-09 13:06:21'),
(5, 'Travel Expense', 1, '2018-01-09 13:07:25'),
(6, 'Builty Expense', 1, '2018-01-09 13:09:45'),
(7, 'Mobile Expense', 1, '2018-01-09 13:10:32'),
(8, 'PTCL Telephone Expense', 1, '2018-01-09 13:11:02'),
(9, 'Wapda Electric Expense', 1, '2018-01-09 13:11:46'),
(10, 'Stationary Expense', 1, '2018-01-09 13:15:03'),
(11, 'Salary Expense', 1, '2018-01-09 13:18:40'),
(12, 'Water Expense', 1, '2018-02-05 15:16:30'),
(13, 'Khairaat', 1, '2018-02-05 15:25:31'),
(14, 'Weakly  Shop Expense', 1, '2018-02-05 15:37:02'),
(15, 'Accomodation Expense', 1, '2018-02-06 12:41:56'),
(16, 'Muhammad Imran', 1, '2018-03-13 18:18:20');

-- --------------------------------------------------------

--
-- Table structure for table `items`
--

CREATE TABLE `items` (
  `id` int(11) NOT NULL,
  `item_category_id` varchar(200) NOT NULL,
  `type` int(1) NOT NULL DEFAULT '0' COMMENT '0:simple;1:group',
  `title` varchar(100) NOT NULL,
  `unit` int(1) NOT NULL DEFAULT '0' COMMENT '0:Piece;1:Kg;2:Litre',
  `unit_price` decimal(10,2) NOT NULL,
  `sale_price` decimal(10,2) NOT NULL,
  `quantity` decimal(11,0) NOT NULL,
  `image` varchar(200) CHARACTER SET utf8 DEFAULT NULL,
  `sortorder` int(11) NOT NULL,
  `status` int(1) NOT NULL DEFAULT '1',
  `ts` timestamp NOT NULL DEFAULT CURRENT_TIMESTAMP
) ENGINE=MyISAM DEFAULT CHARSET=latin1;

--
-- Dumping data for table `items`
--

INSERT INTO `items` (`id`, `item_category_id`, `type`, `title`, `unit`, `unit_price`, `sale_price`, `quantity`, `image`, `sortorder`, `status`, `ts`) VALUES
(209, '91', 1, 'Printed Jeans Tights Kd.co', 0, '0.00', '0.00', '204', NULL, 1, 1, '2017-10-17 13:27:03');

-- --------------------------------------------------------

--
-- Table structure for table `items_attributes`
--

CREATE TABLE `items_attributes` (
  `id` int(11) NOT NULL,
  `item_id` int(11) NOT NULL,
  `name` varchar(200) NOT NULL,
  `values` text NOT NULL
) ENGINE=InnoDB DEFAULT CHARSET=latin1;

--
-- Dumping data for table `items_attributes`
--

INSERT INTO `items_attributes` (`id`, `item_id`, `name`, `values`) VALUES
(211, 209, 'Size', '38\r\n48');

-- --------------------------------------------------------

--
-- Table structure for table `items_variations`
--

CREATE TABLE `items_variations` (
  `id` int(11) NOT NULL,
  `item_id` int(11) NOT NULL,
  `quantity` int(11) NOT NULL,
  `price` decimal(10,2) NOT NULL,
  `cost_price` decimal(10,2) NOT NULL,
  `status` int(1) NOT NULL DEFAULT '1',
  `ts` timestamp NOT NULL DEFAULT CURRENT_TIMESTAMP ON UPDATE CURRENT_TIMESTAMP
) ENGINE=InnoDB DEFAULT CHARSET=latin1;

--
-- Dumping data for table `items_variations`
--

INSERT INTO `items_variations` (`id`, `item_id`, `quantity`, `price`, `cost_price`, `status`, `ts`) VALUES
(890, 209, 174, '500.00', '220.00', 1, '2017-10-24 14:36:05'),
(891, 209, 30, '550.00', '230.00', 1, '2017-10-24 14:36:05');

-- --------------------------------------------------------

--
-- Table structure for table `items_variations_attributes`
--

CREATE TABLE `items_variations_attributes` (
  `items_variations_id` int(11) NOT NULL,
  `items_attributes_id` int(11) NOT NULL,
  `value` varchar(50) NOT NULL
) ENGINE=InnoDB DEFAULT CHARSET=latin1;

--
-- Dumping data for table `items_variations_attributes`
--

INSERT INTO `items_variations_attributes` (`items_variations_id`, `items_attributes_id`, `value`) VALUES
(890, 211, '38'),
(891, 211, '48');

-- --------------------------------------------------------

--
-- Table structure for table `item_category`
--

CREATE TABLE `item_category` (
  `id` int(11) NOT NULL,
  `parent_id` int(11) NOT NULL,
  `title` varchar(100) NOT NULL,
  `sortorder` int(11) NOT NULL,
  `status` int(1) NOT NULL DEFAULT '1',
  `ts` timestamp NOT NULL DEFAULT CURRENT_TIMESTAMP
) ENGINE=InnoDB DEFAULT CHARSET=latin1;

--
-- Dumping data for table `item_category`
--

INSERT INTO `item_category` (`id`, `parent_id`, `title`, `sortorder`, `status`, `ts`) VALUES
(1, 0, 'Ladies', 1, 1, '2017-12-06 17:23:05'),
(2, 1, 'Pents / Tights / Trouser / Capri / Shalwar / Skirt / Lawn Emb Suit / Net Emb Gown', 2, 1, '2017-12-06 17:24:05'),
(3, 2, 'Tights', 3, 1, '2017-12-06 17:28:59'),
(5, 4, 'Top', 5, 1, '2017-12-07 10:44:28'),
(7, 1, 'Kurti / Top / T-shirt / Shirt / Upper / Maxi / Jacket / Shark', 4, 1, '2017-12-07 10:53:35'),
(8, 2, 'Pent', 5, 1, '2017-12-07 12:38:24'),
(9, 2, 'Trouser', 6, 1, '2017-12-07 12:39:33'),
(10, 2, 'Capri', 7, 1, '2017-12-07 12:40:14'),
(11, 2, 'Shalwar', 8, 1, '2017-12-07 12:43:39'),
(12, 2, 'Skirt', 9, 1, '2017-12-07 12:45:17'),
(13, 7, 'Kurti', 10, 1, '2017-12-07 12:48:49'),
(14, 7, 'Top', 11, 1, '2017-12-07 12:49:12'),
(15, 7, 'Staller', 12, 1, '2017-12-11 18:14:06'),
(16, 7, 'Shirt', 13, 1, '2017-12-12 13:05:54'),
(17, 7, 'T-Shirt', 14, 1, '2017-12-12 13:06:25'),
(18, 7, 'Upper', 15, 1, '2017-12-12 13:06:56'),
(19, 7, 'Maxi', 16, 1, '2017-12-12 13:07:17'),
(21, 7, 'Sweater', 18, 1, '2017-12-14 11:55:09'),
(22, 0, 'Kids', 19, 1, '2017-12-18 12:49:35'),
(23, 22, 'Kurti / Top / T-shirt / Shirt / Upper / Suit / Max', 20, 1, '2017-12-18 13:06:51'),
(24, 23, 'Kurti', 21, 1, '2017-12-18 13:07:30'),
(25, 23, 'Top', 22, 1, '2017-12-18 13:07:58'),
(26, 23, 'T-Shirt', 23, 1, '2017-12-18 13:08:19'),
(27, 23, 'Shirt', 24, 1, '2017-12-18 13:08:40'),
(28, 23, 'Upper', 25, 1, '2017-12-18 13:08:54'),
(29, 23, 'Suit', 26, 1, '2017-12-18 13:09:10'),
(30, 23, 'Maxi', 27, 1, '2017-12-18 13:09:46'),
(31, 7, 'Jacket', 28, 1, '2017-12-18 14:10:45'),
(32, 1, 'Cap', 29, 1, '2017-12-18 15:03:34'),
(33, 22, 'Pents / Tights / Trouser / Capri / Shorts / Skirt ', 30, 1, '2017-12-21 10:57:28'),
(34, 33, 'Tights', 31, 1, '2017-12-21 10:59:36'),
(35, 33, 'Pents', 32, 1, '2017-12-21 11:00:07'),
(36, 7, 'Shark', 33, 1, '2018-01-08 16:26:32'),
(37, 2, 'Lawn Embroided Suit', 34, 1, '2018-04-03 13:14:45'),
(38, 2, 'Net Embroided Gown', 35, 1, '2018-04-03 13:47:15');

-- --------------------------------------------------------

--
-- Table structure for table `item_group`
--

CREATE TABLE `item_group` (
  `id` int(11) NOT NULL,
  `group_item_id` int(11) NOT NULL,
  `item_id` int(11) NOT NULL,
  `quantity` float NOT NULL
) ENGINE=InnoDB DEFAULT CHARSET=latin1;

-- --------------------------------------------------------

--
-- Table structure for table `menu`
--

CREATE TABLE `menu` (
  `id` int(11) NOT NULL,
  `title` varchar(100) NOT NULL,
  `url` varchar(100) NOT NULL,
  `parent_id` int(11) NOT NULL,
  `depth` int(1) NOT NULL,
  `sortorder` int(11) NOT NULL,
  `icon` varchar(200) NOT NULL,
  `small_icon` varchar(200) CHARACTER SET latin1 NOT NULL
) ENGINE=MyISAM DEFAULT CHARSET=utf8;

--
-- Dumping data for table `menu`
--

INSERT INTO `menu` (`id`, `title`, `url`, `parent_id`, `depth`, `sortorder`, `icon`, `small_icon`) VALUES
(1, 'Dashboard', '#', 0, 0, 1, 'dashboard.png', 'home'),
(18, 'Manage Purchases', 'purchase_manage.php', 15, 1, 9, 'manage-purchases.png', 'truck'),
(17, 'Manage Supplier', 'supplier_manage.php', 15, 1, 10, 'manage-supplier.jpg', 'users'),
(19, 'Sales', '#', 0, 0, 12, 'sales.jpg', 'print'),
(20, ' Manage Customer', 'customer_manage.php', 19, 1, 14, 'manage-customer.jpg', 'street-view'),
(8, 'Administrator', 'admin_manage.php', 1, 1, 3, 'administrator.png', 'user'),
(7, 'General Settings', 'config_manage.php?config_id=1', 1, 1, 2, 'general-settings.png', 'adjust'),
(15, 'Inventory', '#', 0, 0, 8, 'inventory.jpg', 'glass'),
(16, 'Manage Sales', 'sales_manage.php', 19, 1, 13, 'manage-sales.png', 'shopping-cart'),
(33, 'Size', 'size_manage.php', 27, 1, 22, 'size.jpg', 'repeat'),
(32, 'Customer Payment', 'customer_payment_manage.php', 19, 1, 22, 'customer-payment.png', 'cc-mastercard'),
(21, 'Supplier Payment', 'supplier_payment_manage.php', 15, 1, 11, 'supplier-payment.png', 'money'),
(22, 'Reports', '#', 0, 0, 15, 'reports.png', 'list-alt'),
(23, 'Daily Report', 'report_manage.php', 22, 1, 16, 'daily-report.png', 'file-o'),
(24, 'Item Category', 'item_category_manage.php', 27, 1, 6, 'item-category.png', 'renren'),
(25, 'Manage Expense', 'expense_manage.php', 28, 1, 17, 'manage-expense.png', 'money'),
(26, 'Admin Type', 'admin_type_manage.php', 1, 1, 4, 'admin-type.jpg', 'unlock'),
(27, 'Items', '#', 0, 0, 5, 'items.jpg', 'cogs'),
(28, 'Accounts', '#', 0, 0, 19, 'accounts.jpg', 'industry'),
(29, 'Expense Category', 'expense_category_manage.php', 28, 1, 20, 'expense-category.jpg', 'cog'),
(30, 'Manage Account', 'account_manage.php', 28, 1, 21, 'manage-account.jpg', 'glass'),
(31, 'Manage Transaction', 'transaction_manage.php', 28, 1, 22, 'manage-transaction.jpg', 'cart-plus'),
(34, 'Color', 'color_manage.php', 27, 1, 23, 'color.jpg', 'signal'),
(35, 'Sales Return', 'sales_return_manage.php', 19, 1, 24, 'sales-return.jpg', 'step-backward'),
(36, 'Sales Report', 'report_manage.php?tab=sales', 22, 1, 25, 'sales-report.jpg', 'inbox'),
(37, 'General Journal', 'report_manage.php?tab=general_journal', 22, 1, 26, 'general-journal.jpg', 'road'),
(38, 'Purchase Return', 'purchase_return_manage.php', 15, 1, 27, 'purchase-return.jpg', 'trash-o'),
(39, 'Stock Report', 'stock_manage.php', 22, 1, 28, 'stock-report.jpg', 'th-list'),
(40, 'Supplier Ledger', 'supplier_manage.php?tab=report', 22, 1, 29, 'supplier-ledger.jpg', 'file-o'),
(41, 'Income Report', 'report_manage.php?tab=income', 22, 1, 30, 'income-report.jpg', 'check');

-- --------------------------------------------------------

--
-- Table structure for table `menu_2_admin_type`
--

CREATE TABLE `menu_2_admin_type` (
  `menu_id` int(11) NOT NULL,
  `admin_type_id` int(11) NOT NULL
) ENGINE=InnoDB DEFAULT CHARSET=utf8mb4;

--
-- Dumping data for table `menu_2_admin_type`
--

INSERT INTO `menu_2_admin_type` (`menu_id`, `admin_type_id`) VALUES
(1, 1),
(1, 3),
(2, 1),
(3, 1),
(4, 1),
(4, 3),
(4, 4),
(5, 1),
(5, 3),
(6, 1),
(7, 1),
(8, 1),
(9, 1),
(12, 1),
(14, 1),
(14, 3),
(15, 1),
(15, 3),
(16, 1),
(17, 1),
(17, 3),
(18, 1),
(18, 3),
(19, 1),
(20, 1),
(21, 1),
(21, 3),
(22, 1),
(23, 1),
(24, 1),
(24, 3),
(25, 1),
(26, 1),
(27, 1),
(27, 3),
(28, 1),
(28, 3),
(29, 1),
(29, 3),
(30, 1),
(30, 3),
(31, 1),
(31, 3),
(32, 1),
(32, 3),
(33, 1),
(33, 3),
(34, 1),
(34, 3),
(35, 1),
(36, 1),
(36, 3),
(37, 1),
(37, 3),
(38, 1),
(38, 3),
(39, 1),
(39, 3),
(40, 1),
(40, 3),
(41, 1),
(41, 3);

-- --------------------------------------------------------

--
-- Table structure for table `purchase`
--

CREATE TABLE `purchase` (
  `id` int(11) NOT NULL,
  `datetime_added` datetime NOT NULL,
  `supplier_id` int(11) DEFAULT NULL,
  `total_items` int(11) NOT NULL,
  `total_price` decimal(10,2) NOT NULL,
  `discount` decimal(10,2) NOT NULL,
  `net_price` decimal(10,2) NOT NULL,
  `added_by` int(11) NOT NULL,
  `status` int(1) NOT NULL DEFAULT '1',
  `ts` timestamp NOT NULL DEFAULT CURRENT_TIMESTAMP
) ENGINE=InnoDB DEFAULT CHARSET=latin1;

--
-- Dumping data for table `purchase`
--

INSERT INTO `purchase` (`id`, `datetime_added`, `supplier_id`, `total_items`, `total_price`, `discount`, `net_price`, `added_by`, `status`, `ts`) VALUES
(1, '2017-10-14 15:09:00', 12, 60, '35800.00', '0.00', '35800.00', 1, 1, '2017-12-07 10:15:22'),
(2, '2017-10-20 17:26:00', 12, 3, '2700.00', '0.00', '2700.00', 1, 1, '2017-12-07 12:29:10'),
(3, '2017-11-04 14:15:00', 12, 6, '5100.00', '0.00', '5100.00', 1, 1, '2017-12-11 09:18:02'),
(4, '2017-10-20 15:55:00', 13, 47, '30100.00', '0.00', '30100.00', 1, 1, '2017-12-11 10:57:39'),
(5, '2017-11-04 19:48:00', 13, 26, '14850.00', '0.00', '14850.00', 1, 1, '2017-12-11 17:55:20'),
(6, '2017-11-18 19:55:00', 13, 54, '20100.00', '0.00', '20100.00', 1, 1, '2017-12-11 18:01:34'),
(7, '2017-12-12 16:32:00', 14, 112, '22560.00', '0.00', '22560.00', 1, 1, '2017-12-12 11:37:29'),
(8, '2017-10-27 18:07:00', 15, 9, '6450.00', '200.00', '6250.00', 1, 1, '2017-12-12 13:12:46'),
(9, '2017-11-04 18:15:00', 15, 29, '16750.00', '0.00', '16750.00', 1, 1, '2017-12-12 13:47:16'),
(10, '2017-11-24 18:56:00', 15, 44, '32500.00', '0.00', '32500.00', 1, 1, '2017-12-12 14:17:02'),
(11, '2017-10-27 19:51:00', 16, 45, '56650.00', '2150.00', '54500.00', 1, 1, '2017-12-12 15:51:43'),
(12, '2017-11-04 20:52:00', 16, 10, '6500.00', '0.00', '6500.00', 1, 1, '2017-12-12 15:55:31'),
(13, '2017-11-25 16:55:00', 17, 24, '9960.00', '0.00', '9960.00', 1, 1, '2017-12-14 12:17:47'),
(14, '2017-11-24 17:51:00', 18, 30, '28500.00', '0.00', '28500.00', 1, 1, '2017-12-14 12:55:53'),
(15, '2017-10-27 18:12:00', 19, 44, '28980.00', '30.00', '28950.00', 1, 1, '2017-12-14 13:21:37'),
(16, '2017-12-18 18:11:00', 20, 47, '11005.00', '5.00', '11000.00', 1, 1, '2017-12-18 13:17:55'),
(17, '2017-12-18 19:11:00', 16, 98, '80600.00', '200.00', '80400.00', 1, 1, '2017-12-18 14:40:48'),
(18, '2017-12-18 20:09:00', 13, 123, '29200.00', '0.00', '29200.00', 1, 1, '2017-12-18 15:11:58'),
(19, '2017-12-18 22:14:00', 12, 67, '61520.00', '0.00', '61520.00', 1, 1, '2017-12-18 18:10:48'),
(20, '2017-11-04 15:22:00', 19, 132, '76805.00', '0.00', '76805.00', 1, 1, '2017-12-21 10:54:22'),
(21, '2017-11-24 16:31:00', 19, 75, '36495.00', '0.00', '36495.00', 1, 1, '2017-12-21 11:45:34'),
(22, '2017-10-28 16:51:00', 21, 71, '34760.00', '60.00', '34700.00', 1, 1, '2017-12-23 11:57:32'),
(24, '2017-10-26 19:52:00', 23, 65, '32400.00', '0.00', '32400.00', 1, 1, '2017-12-23 15:12:21'),
(25, '2017-11-24 17:18:00', 19, 24, '4500.00', '0.00', '4500.00', 1, 1, '2017-12-23 16:22:33'),
(26, '2017-10-26 20:07:00', 24, 12, '9200.00', '0.00', '9200.00', 1, 1, '2017-12-24 15:12:13'),
(27, '2017-10-26 20:48:00', 25, 21, '15525.00', '25.00', '15500.00', 1, 1, '2017-12-24 15:51:04'),
(28, '2017-10-26 21:07:00', 26, 1, '1300.00', '0.00', '1300.00', 1, 1, '2017-12-24 16:08:32'),
(29, '2017-11-24 21:11:00', 27, 36, '6300.00', '0.00', '6300.00', 1, 1, '2017-12-24 16:14:04'),
(30, '2017-12-25 14:45:00', 14, 30, '7200.00', '0.00', '7200.00', 1, 1, '2017-12-25 09:47:15'),
(31, '2017-10-11 20:17:00', 33, 483, '106140.00', '0.00', '106140.00', 1, 1, '2017-12-26 15:20:00'),
(32, '2017-12-29 20:06:00', 28, 49, '13040.00', '740.00', '12300.00', 1, 1, '2018-01-01 15:23:01'),
(33, '2017-10-11 15:11:00', 31, 79, '65300.00', '0.00', '65300.00', 1, 1, '2018-01-04 10:28:27'),
(34, '2017-10-11 18:41:00', 30, 159, '81780.00', '0.00', '81780.00', 1, 1, '2018-01-04 13:58:15'),
(36, '2017-10-11 21:26:00', 34, 196, '125320.00', '0.00', '125320.00', 1, 1, '2018-01-08 16:33:22'),
(37, '2018-01-09 17:47:00', 14, 22, '4500.00', '0.00', '4500.00', 1, 1, '2018-01-09 12:53:09'),
(38, '2018-01-15 17:32:00', 28, 40, '10770.00', '120.00', '10650.00', 1, 1, '2018-01-16 12:57:57'),
(39, '2017-10-11 19:55:00', 35, 158, '89115.00', '0.00', '89115.00', 1, 1, '2018-01-20 15:01:51'),
(40, '2018-01-20 15:54:00', 36, 15, '4600.00', '0.00', '4600.00', 1, 1, '2018-01-21 10:59:03'),
(41, '2017-10-11 22:34:00', 37, 98, '56050.00', '0.00', '56050.00', 1, 1, '2018-01-24 17:38:34'),
(42, '2018-01-25 21:36:00', 36, 4, '1240.00', '0.00', '1240.00', 1, 1, '2018-01-25 16:39:27'),
(43, '2017-10-11 19:01:00', 38, 78, '34300.00', '0.00', '34300.00', 1, 1, '2018-01-27 14:08:28'),
(44, '2017-10-11 20:01:00', 39, 252, '50400.00', '0.00', '50400.00', 1, 1, '2018-01-27 15:11:17'),
(45, '2018-02-08 17:42:00', 14, 30, '6150.00', '0.00', '6150.00', 1, 1, '2018-02-08 12:44:20'),
(46, '2018-02-12 20:46:00', 36, 3, '980.00', '0.00', '980.00', 1, 1, '2018-02-12 15:55:27'),
(47, '2018-02-22 21:23:00', 40, 59, '150770.00', '0.00', '150770.00', 1, 1, '2018-02-22 17:20:14'),
(48, '2018-02-25 14:02:00', 41, 319, '193070.00', '0.00', '193070.00', 1, 1, '2018-02-25 10:39:36'),
(49, '2018-04-03 18:16:00', 42, 32, '24000.00', '0.00', '24000.00', 1, 1, '2018-04-03 13:18:52'),
(50, '2018-04-03 18:47:00', 42, 33, '26400.00', '0.00', '26400.00', 1, 1, '2018-04-03 13:48:46');

-- --------------------------------------------------------

--
-- Table structure for table `purchase_items`
--

CREATE TABLE `purchase_items` (
  `id` int(11) NOT NULL,
  `purchase_id` int(11) NOT NULL,
  `item_category_id` int(11) NOT NULL,
  `item_number` varchar(100) NOT NULL,
  `size` int(11) NOT NULL,
  `color` int(11) NOT NULL,
  `purchase_price` decimal(10,2) NOT NULL,
  `sale_price` decimal(10,2) NOT NULL,
  `quantity` float NOT NULL,
  `total` decimal(10,2) NOT NULL,
  `quantity_sold` int(11) NOT NULL,
  `quantity_returned` int(11) NOT NULL
) ENGINE=MyISAM DEFAULT CHARSET=latin1;

--
-- Dumping data for table `purchase_items`
--

INSERT INTO `purchase_items` (`id`, `purchase_id`, `item_category_id`, `item_number`, `size`, `color`, `purchase_price`, `sale_price`, `quantity`, `total`, `quantity_sold`, `quantity_returned`) VALUES
(1, 1, 3, '1-1 Tights', 0, 0, '200.00', '400.00', 5, '1000.00', 5, 0),
(2, 1, 3, '1-2 Thai Tights', 0, 0, '450.00', '800.00', 24, '10800.00', 4, 0),
(3, 1, 3, '1-3 Skirt', 0, 0, '750.00', '1200.00', 12, '9000.00', 8, 0),
(4, 1, 14, '1-4 Top-1', 0, 0, '650.00', '1150.00', 4, '2600.00', 3, 0),
(5, 1, 14, '1-5 Top-2', 0, 0, '750.00', '1300.00', 6, '4500.00', 4, 0),
(6, 1, 14, '1-6 L-Top', 0, 0, '900.00', '1600.00', 7, '6300.00', 5, 0),
(7, 1, 14, '1-7 S-Top', 0, 0, '800.00', '1450.00', 2, '1600.00', 0, 0),
(8, 2, 14, '2-1 L-Top', 0, 0, '900.00', '1600.00', 3, '2700.00', 3, 0),
(9, 3, 14, '3-L-Top', 0, 0, '850.00', '1600.00', 6, '5100.00', 6, 0),
(10, 4, 13, '1-1Khadi K', 0, 0, '700.00', '1250.00', 9, '6300.00', 5, 0),
(11, 4, 13, '1-2Kurti A', 0, 0, '550.00', '1100.00', 3, '1650.00', 2, 0),
(12, 4, 13, '1-3Jabla A', 0, 0, '650.00', '1150.00', 2, '1300.00', 0, 0),
(13, 4, 13, '1-4Kurti B', 0, 0, '575.00', '1100.00', 2, '1150.00', 2, 0),
(14, 4, 13, '1-5Frock A', 0, 0, '750.00', '1200.00', 1, '750.00', 1, 0),
(15, 4, 13, '1-6Jabla K', 0, 0, '650.00', '1150.00', 2, '1300.00', 2, 0),
(16, 4, 13, '1-7Digital', 0, 0, '575.00', '1100.00', 7, '4600.00', 6, 0),
(17, 4, 13, '1-8A Line ', 0, 0, '550.00', '1100.00', 3, '1650.00', 3, 0),
(18, 4, 13, '1-9Kurti C', 0, 0, '550.00', '1100.00', 3, '1650.00', 1, 0),
(19, 4, 14, '1-10Top Ch', 0, 0, '700.00', '1350.00', 4, '2800.00', 4, 0),
(20, 4, 14, '1-11Top Commando', 0, 0, '700.00', '1350.00', 9, '6300.00', 6, 0),
(21, 4, 14, '1-12 Top', 0, 0, '650.00', '1250.00', 1, '650.00', 0, 0),
(22, 5, 9, '2-1Denim Trouser', 0, 0, '450.00', '850.00', 6, '2700.00', 3, 0),
(23, 5, 9, '2-3 Thai Trouser', 0, 0, '550.00', '1050.00', 7, '3850.00', 4, 0),
(24, 5, 13, '2-5 A Line Kurti', 0, 0, '600.00', '1300.00', 3, '1800.00', 3, 0),
(25, 5, 13, '2-5 Frock', 0, 0, '650.00', '1300.00', 10, '6500.00', 7, 0),
(26, 6, 14, '4-01Top Print', 0, 0, '650.00', '1400.00', 6, '3900.00', 2, 0),
(27, 6, 14, '4-02 Long Shirt', 0, 0, '750.00', '1550.00', 12, '9000.00', 12, 0),
(28, 6, 15, '4-03 Stoller', 0, 0, '200.00', '400.00', 36, '7200.00', 30, 0),
(29, 7, 3, '1-1 Tight 38\"', 0, 0, '205.00', '400.00', 72, '14760.00', 35, 0),
(30, 7, 3, '1-2 Tight 48\"', 0, 0, '225.00', '500.00', 24, '5400.00', 6, 0),
(31, 7, 3, '1-3 Tight Baby', 0, 0, '150.00', '300.00', 16, '2400.00', 5, 0),
(32, 8, 16, '1-1 Net Shir', 0, 0, '950.00', '1850.00', 3, '2850.00', 2, 0),
(33, 8, 14, '1-2 Top', 0, 0, '1100.00', '1950.00', 1, '1100.00', 1, 0),
(34, 8, 9, '1-3 Shaded Trouser', 0, 0, '500.00', '1450.00', 5, '2500.00', 5, 0),
(35, 9, 9, '2-3Cotton Trouser', 0, 0, '400.00', '750.00', 4, '1600.00', 0, 0),
(36, 9, 9, '2-06Khaadi Sigrette Pent', 0, 0, '500.00', '950.00', 4, '1000.00', 1, 0),
(37, 9, 9, '2-04 Shadded Trouser', 0, 0, '500.00', '1450.00', 8, '4000.00', 7, 0),
(38, 9, 9, '2-05 Cortrai Sigrette Pent', 0, 0, '650.00', '950.00', 7, '4550.00', 1, 0),
(39, 9, 9, '2-07 Sigrette Pent Fancy', 0, 0, '700.00', '1150.00', 8, '5600.00', 0, 0),
(40, 10, 17, '3-01 T-Shirt Bangkok', 0, 0, '650.00', '1400.00', 10, '6500.00', 2, 0),
(41, 10, 14, '3-02 Top S-L', 0, 0, '700.00', '1400.00', 12, '8400.00', 12, 0),
(42, 10, 14, '3-03 Top L-L', 0, 0, '800.00', '1500.00', 12, '9600.00', 8, 0),
(43, 10, 14, '3-04 Top F.Net', 0, 0, '900.00', '1800.00', 6, '5400.00', 6, 0),
(44, 10, 14, '3-05 Jumper Bangkok', 0, 0, '650.00', '1350.00', 4, '2600.00', 1, 0),
(45, 11, 11, '1-2Aladin ', 0, 0, '750.00', '1250.00', 5, '3750.00', 3, 0),
(46, 11, 16, '1-3Wntr-Sh', 0, 0, '1600.00', '2500.00', 6, '9600.00', 6, 0),
(47, 11, 16, '1-5Shirt B', 0, 0, '700.00', '1400.00', 1, '700.00', 1, 0),
(48, 11, 16, '1-11L-Shir', 0, 0, '1000.00', '1900.00', 1, '1000.00', 0, 0),
(49, 11, 16, '1-8Wntr-Sh', 0, 0, '1600.00', '2500.00', 6, '9600.00', 6, 0),
(50, 11, 14, '1-9Top+Jck', 0, 0, '1200.00', '1850.00', 8, '9600.00', 4, 0),
(51, 11, 14, '1-10Micky ', 0, 0, '950.00', '1550.00', 12, '11400.00', 10, 0),
(52, 11, 16, '1-7Shirt', 0, 0, '1500.00', '2450.00', 1, '1500.00', 1, 0),
(53, 12, 8, '2-Tommy Je', 0, 0, '650.00', '1150.00', 10, '6500.00', 10, 0),
(54, 13, 21, '1-1Swtr Hoody', 0, 0, '580.00', '1400.00', 8, '4640.00', 6, 0),
(55, 13, 21, '1-2 M.Sweat', 0, 0, '250.00', '700.00', 12, '3000.00', 10, 0),
(56, 13, 21, '1-3 Indian Sweater', 0, 0, '580.00', '1600.00', 4, '2320.00', 3, 0),
(57, 14, 21, '1-1Swtr-Sh', 0, 0, '950.00', '1550.00', 10, '9500.00', 8, 0),
(58, 14, 21, '1-2Swtr-La', 0, 0, '950.00', '1650.00', 9, '8550.00', 4, 0),
(59, 14, 21, '1-3Swtr-Lo', 0, 0, '950.00', '1800.00', 11, '10450.00', 7, 0),
(60, 15, 8, '2-1 Pent', 0, 0, '645.00', '1350.00', 24, '15480.00', 4, 0),
(61, 15, 14, '2-2 Top', 0, 0, '1025.00', '1950.00', 4, '4100.00', 1, 0),
(125, 22, 8, '1-1 L.Jns', 0, 0, '440.00', '900.00', 42, '18480.00', 36, 0),
(63, 15, 14, '2-4 Top', 0, 0, '1075.00', '2150.00', 4, '4300.00', 0, 0),
(64, 15, 9, '2-5 Flappe', 0, 0, '425.00', '1100.00', 12, '5100.00', 10, 0),
(65, 16, 17, '1-1H.Neck', 0, 0, '165.00', '400.00', 25, '4125.00', 5, 0),
(66, 16, 28, '1-2 Hoodie', 0, 0, '260.00', '500.00', 9, '2340.00', 1, 0),
(67, 16, 18, '1-3 Hoodie', 0, 0, '480.00', '1050.00', 5, '2400.00', 4, 0),
(68, 16, 18, '1-4 H.Uppe', 0, 0, '320.00', '650.00', 2, '640.00', 1, 0),
(69, 16, 18, '1-5 H.Uppe', 0, 0, '250.00', '550.00', 6, '1500.00', 2, 0),
(70, 17, 8, '3-1 Jeans', 0, 0, '650.00', '950.00', 24, '15600.00', 19, 0),
(71, 17, 8, '3-2 Lrg Jn', 0, 0, '750.00', '1200.00', 18, '13500.00', 13, 0),
(72, 17, 31, '3-3 Blk Jk', 0, 0, '1300.00', '2500.00', 4, '5200.00', 4, 0),
(73, 17, 16, '3-4 Dnm Sh', 0, 0, '900.00', '1400.00', 29, '26100.00', 7, 0),
(74, 17, 8, '3-5 Dmg Jn', 0, 0, '750.00', '1200.00', 2, '1500.00', 2, 0),
(75, 17, 31, '3-6 Short ', 0, 0, '900.00', '1550.00', 6, '5400.00', 0, 0),
(76, 17, 31, '3-7Jns Jkt', 0, 0, '1200.00', '1950.00', 4, '4800.00', 4, 0),
(77, 17, 8, '3-8 Jeans', 0, 0, '650.00', '1000.00', 10, '6500.00', 4, 0),
(78, 17, 18, '3-9 Coat', 0, 0, '2000.00', '4000.00', 1, '2000.00', 0, 0),
(79, 18, 14, '5-02 Top', 0, 0, '750.00', '1500.00', 8, '6000.00', 2, 0),
(80, 18, 32, '5-03 Cap', 0, 0, '250.00', '500.00', 7, '1000.00', 2, 0),
(81, 18, 15, '5-01 Stoller', 0, 0, '200.00', '400.00', 111, '22200.00', 53, 0),
(82, 11, 18, '1-4Wntr-Up', 0, 0, '1900.00', '2700.00', 5, '9500.00', 4, 0),
(83, 19, 14, '4-1Blk Top', 0, 0, '600.00', '1250.00', 3, '1800.00', 0, 0),
(84, 19, 14, '4-2 Top', 0, 0, '750.00', '1500.00', 14, '10500.00', 7, 0),
(85, 19, 14, '4-3Pnk Top', 0, 0, '900.00', '1850.00', 2, '1800.00', 0, 0),
(86, 19, 14, '4-4Lng Top', 0, 0, '900.00', '1850.00', 4, '3600.00', 0, 0),
(87, 19, 14, '4-5Pnk L-T', 0, 0, '1050.00', '2350.00', 2, '2100.00', 2, 0),
(88, 19, 21, '4-6Bttr Sw', 0, 0, '795.00', '1750.00', 4, '3180.00', 0, 0),
(89, 19, 21, '4-7Poncho', 0, 0, '750.00', '1800.00', 1, '750.00', 1, 0),
(90, 19, 18, '4-8Lng Upp', 0, 0, '850.00', '1850.00', 4, '3400.00', 0, 0),
(156, 32, 13, '1-1Kurti', 0, 0, '270.00', '700.00', 32, '8640.00', 12, 0),
(92, 19, 16, '4-10Chq Sh', 0, 0, '795.00', '1750.00', 6, '4770.00', 1, 0),
(94, 19, 31, '4-12Thk Co', 0, 0, '850.00', '2000.00', 4, '3400.00', 3, 0),
(160, 32, 31, '1-5Dnm Jkt', 0, 0, '250.00', '1500.00', 8, '2000.00', 0, 0),
(96, 19, 31, '4-14Jns Jk', 0, 0, '995.00', '2300.00', 6, '5970.00', 3, 0),
(159, 32, 8, '1-4Dnm Jns', 0, 0, '325.00', '1000.00', 1, '325.00', 0, 0),
(98, 19, 31, '4-16Crtn J', 0, 0, '1250.00', '2600.00', 6, '7500.00', 1, 0),
(99, 19, 31, '4-17Jns L-', 0, 0, '1000.00', '2300.00', 4, '4000.00', 1, 0),
(158, 32, 8, '1-3 W.Jns', 0, 0, '325.00', '800.00', 1, '325.00', 1, 0),
(101, 19, 31, '4-19Gry Co', 0, 0, '1250.00', '2750.00', 7, '8750.00', 3, 0),
(157, 32, 31, '1-2Dnm Jkt', 0, 0, '250.00', '1200.00', 7, '1750.00', 5, 0),
(103, 20, 21, '3-1L.Sweat', 0, 0, '1460.00', '2350.00', 6, '8760.00', 4, 0),
(104, 20, 21, '3-2L.Sweat', 0, 0, '1260.00', '2100.00', 6, '7560.00', 6, 0),
(105, 20, 21, '3-3L.Sweat', 0, 0, '1560.00', '3200.00', 6, '9360.00', 4, 0),
(106, 20, 21, '3-4L.Sweat', 0, 0, '1195.00', '1950.00', 6, '7170.00', 6, 0),
(107, 20, 21, '3-5L.Sweat', 0, 0, '1090.00', '1750.00', 5, '5450.00', 5, 0),
(108, 20, 21, '3-6L.Sweat', 0, 0, '1090.00', '1700.00', 5, '5450.00', 5, 0),
(109, 20, 21, '3-7L.Zippe', 0, 0, '825.00', '1400.00', 6, '4950.00', 5, 0),
(110, 20, 3, '3-8 Tights', 0, 0, '250.00', '550.00', 20, '5000.00', 5, 0),
(111, 20, 3, '3-9 Tights', 0, 0, '345.00', '750.00', 9, '3105.00', 4, 0),
(112, 20, 3, '3-10 Tight', 0, 0, '300.00', '700.00', 13, '3900.00', 3, 0),
(113, 20, 3, '3-11 Tight', 0, 0, '325.00', '700.00', 9, '2925.00', 0, 0),
(114, 20, 9, '3-12 Flapp', 0, 0, '745.00', '1550.00', 5, '3725.00', 5, 0),
(115, 20, 34, '3-13 Tight', 0, 0, '250.00', '450.00', 18, '4500.00', 6, 0),
(116, 20, 34, '3-14 Tight', 0, 0, '275.00', '500.00', 18, '4950.00', 3, 0),
(117, 21, 31, '4-1 L.Coat', 0, 0, '1540.00', '2850.00', 5, '7700.00', 4, 0),
(118, 21, 31, '4-2 L.Coat', 0, 0, '1540.00', '2850.00', 5, '7700.00', 4, 0),
(119, 21, 9, '4-3 Flappe', 0, 0, '425.00', '1100.00', 12, '5100.00', 7, 0),
(120, 21, 3, '4-4 Tights', 0, 0, '195.00', '400.00', 21, '4095.00', 20, 0),
(121, 21, 3, '4-5 Tights', 0, 0, '225.00', '600.00', 12, '2700.00', 7, 0),
(122, 21, 9, '4-6 Flappe', 0, 0, '425.00', '800.00', 6, '2550.00', 1, 0),
(123, 21, 9, '4-7 Flappe', 0, 0, '425.00', '800.00', 4, '1700.00', 1, 0),
(124, 21, 9, '4-8 Flappe', 0, 0, '495.00', '1000.00', 10, '4950.00', 5, 0),
(126, 22, 8, '1-2 Dmg Jn', 0, 0, '600.00', '1250.00', 9, '5400.00', 7, 0),
(127, 22, 3, '1-3 Jns Ti', 0, 0, '535.00', '1000.00', 8, '4280.00', 3, 0),
(128, 22, 8, '1-4 Jaggin', 0, 0, '550.00', '1100.00', 12, '6600.00', 10, 0),
(136, 24, 14, '1-1 Top', 0, 0, '700.00', '1450.00', 8, '5600.00', 8, 0),
(137, 24, 17, '1-2 Inner', 0, 0, '300.00', '550.00', 30, '9000.00', 21, 0),
(138, 24, 8, '1-7 Stn Pe', 0, 0, '600.00', '1200.00', 4, '2400.00', 2, 0),
(139, 24, 19, '1-5 F,Maxi', 0, 0, '2200.00', '4800.00', 3, '6600.00', 0, 0),
(140, 24, 3, '1-6Thai Ti', 0, 0, '400.00', '850.00', 16, '6400.00', 7, 0),
(141, 24, 8, '1-3 Dmg Bl', 0, 0, '600.00', '1200.00', 4, '2400.00', 0, 0),
(142, 25, 34, '4-11Tights', 0, 0, '175.00', '400.00', 12, '2100.00', 0, 0),
(143, 25, 34, '4-12Tights', 0, 0, '200.00', '450.00', 12, '2400.00', 4, 0),
(144, 26, 14, '1-1 F. Top', 0, 0, '800.00', '1400.00', 2, '1600.00', 2, 0),
(145, 26, 14, '1-2 Top', 0, 0, '750.00', '1300.00', 2, '1500.00', 0, 0),
(146, 26, 8, '1-4 F. Jns', 0, 0, '650.00', '1200.00', 2, '1300.00', 2, 0),
(147, 27, 25, '1 Thai Shi', 0, 0, '675.00', '1400.00', 12, '8100.00', 12, 0),
(148, 27, 14, '2 Top', 0, 0, '825.00', '1600.00', 9, '7425.00', 6, 0),
(149, 28, 16, '1 Shirt', 0, 0, '1300.00', '2200.00', 1, '1300.00', 1, 0),
(150, 29, 11, '1-1 Patyal', 0, 0, '300.00', '700.00', 10, '3000.00', 5, 0),
(151, 29, 11, '1-2 Patyal', 0, 0, '120.00', '350.00', 20, '2400.00', 0, 0),
(152, 29, 3, '1-3 Jns Ti', 0, 0, '150.00', '350.00', 6, '900.00', 3, 0),
(153, 30, 3, '2-1P. Tigt', 0, 0, '240.00', '550.00', 30, '7200.00', 5, 0),
(154, 31, 3, '14 Tights', 0, 0, '220.00', '400.00', 175, '38500.00', 108, 0),
(155, 31, 3, '15 L.Tight', 0, 0, '230.00', '500.00', 31, '7130.00', 4, 0),
(161, 33, 13, '60 Khaadi Kurti', 0, 0, '750.00', '1650.00', 34, '25500.00', 15, 0),
(162, 33, 13, '61 Emb Kurti', 0, 0, '550.00', '1150.00', 19, '10450.00', 4, 0),
(163, 33, 13, '62 Prntd Kurti', 0, 0, '750.00', '1200.00', 5, '3750.00', 5, 0),
(164, 33, 13, '63 Fncy Emb Kurti.', 0, 0, '850.00', '1600.00', 4, '3400.00', 0, 0),
(165, 33, 13, '64 Maisuri Kurti', 0, 0, '1500.00', '2600.00', 3, '4500.00', 1, 0),
(166, 33, 13, '65 Net Fncy Kurti', 0, 0, '1500.00', '2600.00', 2, '3000.00', 1, 0),
(167, 33, 13, '66 Fncy Kurti', 0, 0, '1200.00', '2200.00', 6, '7200.00', 2, 0),
(168, 33, 13, '67 F.Fncy Kurti', 0, 0, '1400.00', '2400.00', 4, '5600.00', 1, 0),
(169, 33, 13, '68 Jrgd Fncy Kurti', 0, 0, '950.00', '1700.00', 1, '1900.00', 1, 0),
(170, 34, 8, '01 L.Check Pent', 0, 0, '475.00', '1150.00', 29, '13775.00', 3, 0),
(171, 34, 8, '02 Prntd Pent', 0, 0, '490.00', '1150.00', 24, '11760.00', 6, 0),
(172, 34, 8, '05 Linning Pent', 0, 0, '490.00', '1150.00', 5, '2450.00', 4, 0),
(173, 34, 8, '09 Dot Pent', 0, 0, '500.00', '1050.00', 1, '500.00', 1, 0),
(174, 34, 8, '50 Wntr Pent', 0, 0, '625.00', '1350.00', 15, '9375.00', 6, 0),
(175, 34, 10, '10 Capri', 0, 0, '700.00', '1300.00', 2, '1400.00', 1, 0),
(176, 34, 10, '12 Fncy Capri', 0, 0, '450.00', '1000.00', 1, '450.00', 0, 0),
(177, 31, 3, '16 Jeans Tights', 0, 0, '255.00', '550.00', 5, '1275.00', 5, 0),
(178, 31, 3, '17 Denim Tights', 0, 0, '340.00', '650.00', 9, '3060.00', 6, 0),
(179, 31, 3, '18 Printed Trouser', 0, 0, '300.00', '650.00', 8, '2400.00', 3, 0),
(180, 31, 3, '20 Fancy Tights', 0, 0, '360.00', '650.00', 16, '5760.00', 2, 0),
(181, 31, 3, '21 Sexy Tights', 0, 0, '300.00', '700.00', 4, '1200.00', 0, 0),
(182, 31, 3, '23 Capri Tights', 0, 0, '350.00', '750.00', 9, '3150.00', 0, 0),
(183, 31, 34, '19 B.Tight', 0, 0, '160.00', '300.00', 194, '31040.00', 42, 0),
(184, 31, 34, '69 Baby Polka Dot', 0, 0, '175.00', '400.00', 5, '875.00', 1, 0),
(185, 31, 9, '22 Jercy Trouser', 0, 0, '350.00', '750.00', 6, '2100.00', 4, 0),
(186, 31, 9, '53 Silk Emb Trouser', 0, 0, '500.00', '1100.00', 1, '500.00', 0, 0),
(187, 31, 9, '54 Net Garara', 0, 0, '500.00', '1100.00', 2, '1000.00', 2, 0),
(188, 31, 9, '55 Cotton Garara', 0, 0, '500.00', '1100.00', 3, '1500.00', 1, 0),
(189, 31, 9, '56 Linnen Garara', 0, 0, '450.00', '950.00', 2, '900.00', 0, 0),
(190, 31, 9, '51 Fancy Trouser', 0, 0, '400.00', '800.00', 4, '1600.00', 3, 0),
(191, 31, 9, '52 Plain Trouser', 0, 0, '350.00', '650.00', 4, '1400.00', 4, 0),
(192, 34, 8, '03 Jrcy Fncy Pent', 0, 0, '595.00', '1000.00', 26, '15470.00', 17, 0),
(193, 34, 8, '04 Plain Cotton Jeans', 0, 0, '575.00', '900.00', 24, '13800.00', 6, 0),
(194, 34, 8, '06 Plain Jeans', 0, 0, '400.00', '900.00', 26, '10400.00', 25, 0),
(195, 34, 8, '07 Lady Jeans', 0, 0, '400.00', '900.00', 2, '800.00', 2, 0),
(196, 34, 8, '08 Yellow Pent', 0, 0, '400.00', '900.00', 1, '400.00', 0, 0),
(197, 34, 8, '11 Plain Pent', 0, 0, '400.00', '900.00', 2, '800.00', 1, 0),
(198, 34, 8, '13 Pink Pent', 0, 0, '400.00', '900.00', 1, '400.00', 0, 0),
(199, 31, 12, '70 Fancy Skirt', 0, 0, '550.00', '1550.00', 5, '2750.00', 2, 0),
(202, 36, 36, '57 Fancy Shurk & Inner', 0, 0, '700.00', '1550.00', 6, '4200.00', 3, 0),
(203, 36, 36, '58-1 Fancy Shurk', 0, 0, '625.00', '1100.00', 6, '3750.00', 2, 0),
(204, 36, 36, '58-2 Fancy Shurk', 0, 0, '675.00', '1200.00', 6, '4050.00', 2, 0),
(205, 36, 36, '58-3 Fancy Shurk', 0, 0, '875.00', '1700.00', 7, '6125.00', 4, 0),
(206, 36, 36, '59 Knitted Shurk', 0, 0, '765.00', '1250.00', 4, '3060.00', 2, 0),
(207, 37, 3, '3-01 Polka Dot Large', 0, 0, '240.00', '550.00', 6, '1440.00', 0, 0),
(208, 37, 34, '3-02 Baby Tights', 0, 0, '150.00', '300.00', 4, '600.00', 1, 0),
(209, 37, 3, '3-03 Plain Tights', 0, 0, '205.00', '400.00', 12, '2460.00', 10, 0),
(210, 36, 14, '71 Long Top Wntr', 0, 0, '750.00', '1600.00', 6, '4500.00', 3, 0),
(211, 36, 16, '72 Chek Shirt Wntr', 0, 0, '725.00', '1500.00', 6, '4350.00', 6, 0),
(212, 38, 13, '2-01 Short Kurti', 0, 0, '285.00', '700.00', 7, '1995.00', 6, 0),
(213, 38, 8, '2-02 Jeans Pent', 0, 0, '250.00', '900.00', 17, '4250.00', 5, 0),
(214, 38, 8, '2-03 Printed Jeans', 0, 0, '325.00', '1000.00', 2, '650.00', 0, 0),
(215, 38, 8, '2-04 Printed Jeans Lrg', 0, 0, '325.00', '1200.00', 5, '1625.00', 0, 0),
(216, 38, 8, '2-05 Brown Jeans', 0, 0, '250.00', '900.00', 3, '750.00', 0, 0),
(217, 38, 8, '2-06 Brown Jeans Lrg', 0, 0, '250.00', '1100.00', 5, '1250.00', 0, 0),
(218, 26, 9, '1-3 Garara Trouser', 0, 0, '800.00', '1350.00', 6, '4800.00', 2, 0),
(219, 38, 8, '2-07 Jeans Pent Large', 0, 0, '250.00', '1200.00', 1, '250.00', 0, 0),
(274, 43, 35, '98 Baba Cotroi Pent', 0, 0, '550.00', '1150.00', 16, '8800.00', 9, 0),
(220, 39, 27, '30 Barbie Tail Shirt', 0, 0, '550.00', '850.00', 8, '4400.00', 3, 0),
(221, 39, 26, '31 Floral Printed Shirt', 0, 0, '325.00', '600.00', 5, '1625.00', 3, 0),
(222, 40, 13, '01-01 Short Kurti Ladies', 0, 0, '300.00', '800.00', 10, '3000.00', 10, 0),
(223, 40, 13, '01-02 Short Kurti Girls', 0, 0, '320.00', '850.00', 5, '1600.00', 5, 0),
(224, 41, 24, '49 BABY KURTI', 0, 0, '600.00', '750.00', 38, '22800.00', 22, 0),
(225, 42, 13, '2-1 Short Kurti', 0, 0, '300.00', '800.00', 2, '600.00', 2, 0),
(226, 42, 13, '2-2 Short Kurti Fancy', 0, 0, '320.00', '850.00', 2, '640.00', 2, 0),
(228, 36, 16, '73 Printed Shirt', 0, 0, '600.00', '1150.00', 14, '8400.00', 8, 0),
(229, 36, 16, '74 Kurti Style Shirt', 0, 0, '425.00', '1150.00', 6, '2550.00', 5, 0),
(230, 36, 18, '75 Cat Printed Upper', 0, 0, '650.00', '1100.00', 5, '3250.00', 2, 0),
(231, 36, 16, '76 Floral Printed Long Shirt', 0, 0, '600.00', '1150.00', 4, '2400.00', 2, 0),
(232, 36, 14, '77 Green Top', 0, 0, '695.00', '1400.00', 2, '1390.00', 0, 0),
(233, 36, 17, '78 Linning T-Shirt', 0, 0, '565.00', '1100.00', 9, '5085.00', 1, 0),
(234, 36, 17, '79 Jercy T-Shirt', 0, 0, '565.00', '1100.00', 7, '3955.00', 2, 0),
(235, 36, 17, '80 T-Shirt 7-Yes', 0, 0, '590.00', '1100.00', 6, '3540.00', 0, 0),
(236, 36, 17, '81 Floral T-Shirt', 0, 0, '530.00', '1000.00', 6, '3180.00', 0, 0),
(237, 36, 17, '82 Star T-Shirt', 0, 0, '555.00', '1150.00', 5, '2775.00', 1, 0),
(238, 36, 17, '83 Star Linning T-Shirt', 0, 0, '590.00', '1150.00', 4, '2360.00', 2, 0),
(239, 36, 17, '84 Short Body T-Shirt', 0, 0, '300.00', '750.00', 13, '3900.00', 1, 0),
(240, 36, 17, '85 Short Body T-Shirt Fancy', 0, 0, '300.00', '800.00', 7, '2100.00', 1, 0),
(241, 39, 29, '86 Baby Suit Imported', 0, 0, '800.00', '1500.00', 5, '4000.00', 0, 0),
(242, 39, 27, '87 Barbie Jeans Shirt', 0, 0, '650.00', '1100.00', 6, '3900.00', 1, 0),
(243, 39, 29, '88 Baby Frock Net Suit', 0, 0, '800.00', '1200.00', 12, '9600.00', 7, 0),
(244, 39, 29, '89 Frock 2Pcs Suit + Jns Koti', 0, 0, '800.00', '1400.00', 12, '9600.00', 3, 0),
(245, 39, 29, '90 Baby Shirt + Jeans Jacket', 0, 0, '700.00', '1200.00', 15, '10500.00', 1, 0),
(246, 39, 29, '91 Baby Fancy Frock Suit', 0, 0, '600.00', '1200.00', 5, '3000.00', 0, 0),
(247, 43, 35, '24 Baby Jeans Plain', 0, 0, '400.00', '750.00', 10, '4000.00', 4, 0),
(248, 43, 35, '25 Baby Yellow Check Pent', 0, 0, '400.00', '750.00', 7, '2800.00', 1, 0),
(249, 43, 35, '26 Baby Dot Pent', 0, 0, '400.00', '750.00', 2, '800.00', 1, 0),
(250, 43, 35, '27 Baby Printed Pent', 0, 0, '370.00', '700.00', 10, '3700.00', 1, 0),
(251, 43, 35, '28 Baby Cheetah Pent', 0, 0, '400.00', '750.00', 8, '3200.00', 1, 0),
(252, 43, 35, '29 Baby Capri Pent', 0, 0, '400.00', '750.00', 5, '2000.00', 1, 0),
(253, 44, 35, '94 Baby Fancy Jeans', 0, 0, '200.00', '850.00', 32, '6400.00', 8, 0),
(254, 44, 35, '95 Baby Pent', 0, 0, '200.00', '750.00', 30, '6000.00', 0, 0),
(255, 44, 35, '96 Baby Pent Cotton', 0, 0, '200.00', '650.00', 31, '6200.00', 0, 0),
(256, 44, 35, '97 Baby Jagging Cotton', 0, 0, '200.00', '600.00', 12, '2400.00', 0, 0),
(257, 39, 27, '32 Barbie Shirt', 0, 0, '300.00', '550.00', 7, '2100.00', 2, 0),
(258, 39, 27, '33 Baby Printed Shirt', 0, 0, '300.00', '550.00', 7, '2100.00', 5, 0),
(259, 39, 27, '34 Coller Shirt Plain', 0, 0, '550.00', '900.00', 10, '5500.00', 3, 0),
(260, 39, 27, '35 Fancy Coller Shirt', 0, 0, '500.00', '800.00', 3, '1500.00', 0, 0),
(261, 39, 27, '36 Fancy Coller Shirt', 0, 0, '500.00', '800.00', 6, '3000.00', 2, 0),
(262, 39, 27, '37 Shafoon Shirt', 0, 0, '500.00', '800.00', 8, '4000.00', 0, 0),
(263, 39, 28, '38 Baby Jorgade Upper', 0, 0, '500.00', '1100.00', 4, '2000.00', 1, 0),
(264, 39, 27, '39 Net Shirt', 0, 0, '360.00', '700.00', 8, '2880.00', 2, 0),
(265, 39, 27, '40 Net Tail Shirt', 0, 0, '500.00', '1100.00', 8, '4000.00', 1, 0),
(266, 39, 27, '41 Net Butter Fly Shirt', 0, 0, '480.00', '950.00', 6, '2880.00', 1, 0),
(267, 39, 28, '42 Baby Coller Coat Shirt', 0, 0, '490.00', '900.00', 2, '980.00', 0, 0),
(268, 39, 28, '43 Baby Net Frock Shirt', 0, 0, '500.00', '1100.00', 6, '3000.00', 5, 0),
(269, 39, 28, '44 Net Frock 2Pcs', 0, 0, '650.00', '1150.00', 7, '4550.00', 2, 0),
(270, 39, 27, '45 Net Shirt', 0, 0, '500.00', '1000.00', 8, '4000.00', 0, 0),
(271, 41, 24, '46 Baby Cotton Frock Suit', 0, 0, '700.00', '1400.00', 8, '5600.00', 3, 0),
(272, 41, 24, '47 Baby Kameez Shalwar', 0, 0, '650.00', '1100.00', 3, '1950.00', 0, 0),
(273, 41, 24, '48 Baby Cotton Kameez Shalwar', 0, 0, '650.00', '1350.00', 6, '3900.00', 0, 0),
(275, 43, 35, '99 Baba Jeans Zipper', 0, 0, '550.00', '1150.00', 10, '5500.00', 3, 0),
(276, 43, 35, '100 Baba Jeans', 0, 0, '350.00', '750.00', 5, '1750.00', 1, 0),
(277, 43, 35, '101 Baba Green Check Pent', 0, 0, '350.00', '750.00', 5, '1750.00', 1, 0),
(278, 44, 35, '102 Baba Jeans Pent', 0, 0, '200.00', '550.00', 46, '9200.00', 10, 0),
(279, 44, 29, '103 Baba Suit', 0, 0, '200.00', '550.00', 47, '9400.00', 0, 0),
(280, 44, 27, '111 Baba Shirt & T-Shirt', 0, 0, '200.00', '450.00', 54, '10800.00', 11, 0),
(281, 41, 29, '103 Baby Embroided Cotton Suit', 0, 0, '775.00', '1550.00', 4, '3100.00', 0, 0),
(282, 41, 29, '104 Baby Embroided Cotton Suit', 0, 0, '900.00', '1600.00', 3, '2700.00', 0, 0),
(283, 41, 29, '105 Baby Embroided Cotton Suit', 0, 0, '550.00', '1100.00', 4, '2200.00', 1, 0),
(284, 41, 29, '106  Baby Embroided Cotton Suit', 0, 0, '550.00', '1200.00', 10, '5500.00', 1, 0),
(285, 41, 29, '107 Baby Tights Frock Suit', 0, 0, '400.00', '1000.00', 10, '4000.00', 1, 0),
(286, 41, 29, '108 Baby Chikken Suit', 0, 0, '400.00', '1000.00', 7, '2800.00', 0, 0),
(287, 41, 29, '109 Baby Frock Suit', 0, 0, '300.00', '800.00', 5, '1500.00', 1, 0),
(288, 36, 14, '112 Net Short Frock', 0, 0, '700.00', '1350.00', 3, '2100.00', 1, 0),
(289, 36, 18, '113 Long Net Upper', 0, 0, '650.00', '1250.00', 3, '1950.00', 1, 0),
(290, 36, 18, '114 Jorgade Upper', 0, 0, '600.00', '1350.00', 14, '8400.00', 10, 0),
(291, 36, 18, '115 Butterfly Upper', 0, 0, '600.00', '1350.00', 3, '1800.00', 3, 0),
(292, 36, 14, '116 Printed Top Fancy', 0, 0, '900.00', '1350.00', 4, '3600.00', 1, 0),
(293, 36, 18, '117 Net Skin Upper', 0, 0, '300.00', '600.00', 2, '600.00', 0, 0),
(294, 36, 31, '118 Cotton Koti', 0, 0, '400.00', '850.00', 2, '800.00', 0, 0),
(295, 36, 14, '119 Fancy Top 2 Pcs', 0, 0, '600.00', '1250.00', 2, '1200.00', 0, 0),
(296, 36, 18, '120 Net Fancy Long Upper', 0, 0, '700.00', '1450.00', 1, '700.00', 0, 0),
(297, 36, 17, '121 Fancy T-Shirt', 0, 0, '500.00', '1150.00', 3, '1500.00', 1, 0),
(298, 36, 16, '122 Shirt', 0, 0, '500.00', '1150.00', 3, '1500.00', 1, 0),
(299, 36, 16, '123 Net Style Shirt', 0, 0, '500.00', '1000.00', 2, '1000.00', 1, 0),
(300, 36, 16, '124 Net Style Fancy Shirt', 0, 0, '550.00', '1200.00', 2, '1100.00', 1, 0),
(301, 36, 16, '125 Sexy Shirt', 0, 0, '550.00', '1200.00', 6, '3300.00', 0, 0),
(302, 36, 14, '126 Printed Long Top', 0, 0, '600.00', '1100.00', 4, '2400.00', 1, 0),
(303, 36, 14, '127 Frock Style Top', 0, 0, '600.00', '1200.00', 3, '1800.00', 1, 0),
(304, 36, 18, '128 Fancy Long Upper', 0, 0, '600.00', '1250.00', 5, '3000.00', 1, 0),
(305, 36, 19, '129 Long Net Maxi', 0, 0, '4000.00', '8500.00', 1, '4000.00', 0, 0),
(306, 36, 19, '130 Tail Style Net Maxi', 0, 0, '1500.00', '3500.00', 1, '1500.00', 0, 0),
(307, 36, 19, '131 Long Net Grey Maxi', 0, 0, '5500.00', '11000.00', 1, '5500.00', 0, 0),
(308, 36, 19, '132 Golden Maxi', 0, 0, '1850.00', '4200.00', 1, '1850.00', 1, 0),
(309, 36, 14, '133 Star Long Top', 0, 0, '800.00', '1250.00', 1, '800.00', 1, 0),
(310, 45, 3, '4-1 Ladies Tights', 0, 0, '205.00', '400.00', 30, '6150.00', 18, 0),
(311, 46, 13, '3-1 Ladies Short Kurti', 0, 0, '330.00', '850.00', 2, '660.00', 2, 0),
(312, 46, 24, '3-2 Baby Short Kurti', 0, 0, '320.00', '850.00', 1, '320.00', 1, 0),
(313, 47, 19, '1-1 White Large Maxi', 0, 0, '5800.00', '9900.00', 5, '29000.00', 0, 0),
(314, 47, 19, '1-2 Coloured Large Maxi', 0, 0, '5500.00', '9500.00', 2, '11000.00', 0, 0),
(315, 47, 30, '1-3 Baby Maxi F-680 (24-34)', 0, 0, '1950.00', '2750.00', 12, '23400.00', 0, 0),
(316, 47, 30, '1-4 Baby Maxi F-706 (24-34)', 0, 0, '2075.00', '2950.00', 6, '12450.00', 0, 0),
(317, 47, 30, '1-5 Baby Maxi H-209T (22-32)', 0, 0, '1695.00', '2400.00', 6, '10170.00', 0, 0),
(318, 47, 30, '1-6 Baby Maxi [0025] (224-34)', 0, 0, '2075.00', '2950.00', 6, '12450.00', 0, 0),
(319, 47, 30, '1-7 Baby Maxi [0026] (24-34)', 0, 0, '1850.00', '2650.00', 6, '11100.00', 1, 0),
(320, 47, 30, '1-8 Baby Maxi (34-44)', 0, 0, '2575.00', '3650.00', 16, '41200.00', 0, 0),
(321, 48, 9, '1-1 Ladies Flapper', 0, 0, '550.00', '950.00', 10, '5500.00', 1, 0),
(322, 48, 12, '1-2 Sucket S.M.L', 0, 0, '615.00', '1100.00', 12, '7380.00', 0, 0),
(323, 48, 12, '1-3 Sucket S.M.L', 0, 0, '575.00', '950.00', 12, '6900.00', 3, 0),
(324, 48, 12, '1-4 Sucket S.M.L', 0, 0, '575.00', '950.00', 15, '8625.00', 1, 0),
(325, 48, 12, '1-5 Linen Sucket', 0, 0, '700.00', '1200.00', 6, '4200.00', 0, 0),
(326, 48, 12, '1-6 Linen Sucket', 0, 0, '700.00', '1200.00', 8, '5600.00', 1, 0),
(327, 48, 12, '1-7 Free Size Sucket', 0, 0, '700.00', '1200.00', 6, '4200.00', 3, 0),
(328, 48, 8, '1-8 Sig Pent', 0, 0, '275.00', '500.00', 13, '3575.00', 2, 0),
(329, 48, 9, '1-9 Ladies Flapper Pent', 0, 0, '640.00', '1100.00', 18, '11520.00', 2, 0),
(330, 48, 8, '1-10 Ladies Fancy Pent', 0, 0, '675.00', '1200.00', 6, '4050.00', 4, 0),
(331, 48, 8, '1-11 Ladies Fancy Pent', 0, 0, '660.00', '1150.00', 9, '5940.00', 3, 0),
(332, 48, 8, '1-12 Ladies Fancy Pent', 0, 0, '590.00', '1000.00', 6, '3540.00', 0, 0),
(333, 48, 8, '1-13 Ladies Pent', 0, 0, '585.00', '1000.00', 7, '4095.00', 0, 0),
(334, 48, 8, '1-14 Ladies Pent', 0, 0, '760.00', '1300.00', 3, '2280.00', 0, 0),
(335, 48, 17, '1-15 T-Shirt Basic', 0, 0, '360.00', '650.00', 13, '4680.00', 1, 0),
(336, 48, 13, '1-16 Ladies Stylish Kurti', 0, 0, '650.00', '1150.00', 7, '4550.00', 6, 0),
(337, 48, 14, '1-17 Ladies Top', 0, 0, '650.00', '1150.00', 8, '5200.00', 3, 0),
(338, 48, 14, '1-18 Ladies Top Shirt', 0, 0, '650.00', '1150.00', 4, '2600.00', 0, 0),
(339, 48, 14, '1-19 Ladies Top', 0, 0, '650.00', '1150.00', 4, '2600.00', 1, 0),
(340, 48, 14, '1-20 Ladies Top', 0, 0, '710.00', '1250.00', 2, '1420.00', 2, 0),
(341, 48, 14, '1-21 Ladies Top', 0, 0, '635.00', '1100.00', 3, '1905.00', 2, 0),
(342, 48, 14, '1-22 Ladies Top', 0, 0, '710.00', '1250.00', 4, '2840.00', 3, 0),
(343, 48, 14, '1-23 Ladies Top', 0, 0, '535.00', '950.00', 2, '1070.00', 2, 0),
(344, 48, 14, '1-24 Ladies Top', 0, 0, '560.00', '950.00', 2, '1120.00', 1, 0),
(345, 48, 14, '1-25 Ladies Top', 0, 0, '635.00', '1100.00', 4, '2540.00', 4, 0),
(346, 48, 14, '1-26 Ladies Top', 0, 0, '760.00', '1300.00', 2, '1520.00', 0, 0),
(347, 48, 14, '1-27 Ladies Top', 0, 0, '660.00', '1150.00', 2, '1320.00', 1, 0),
(348, 48, 14, '1-28 Ladies Top', 0, 0, '710.00', '1250.00', 4, '2840.00', 1, 0),
(349, 48, 14, '1-29 Ladies Top', 0, 0, '635.00', '1100.00', 3, '1905.00', 1, 0),
(350, 48, 14, '1-30 Ladies Top', 0, 0, '760.00', '1300.00', 4, '3040.00', 2, 0),
(351, 48, 14, '1-31 Ladies Top', 0, 0, '760.00', '1300.00', 3, '2280.00', 0, 0),
(352, 48, 14, '1-32 Ladies Top', 0, 0, '660.00', '1150.00', 4, '2640.00', 2, 0),
(353, 48, 14, '1-33 Ladies Top', 0, 0, '710.00', '1250.00', 4, '2840.00', 2, 0),
(354, 48, 14, '1-34 Ladies Top', 0, 0, '760.00', '1300.00', 6, '4560.00', 0, 0),
(355, 48, 14, '1-35 Ladies Top', 0, 0, '635.00', '1100.00', 2, '1270.00', 0, 0),
(356, 48, 14, '1-36 Ladies Top', 0, 0, '660.00', '1150.00', 4, '2640.00', 1, 0),
(357, 48, 14, '1-37 Ladies Top', 0, 0, '550.00', '950.00', 4, '2200.00', 0, 0),
(358, 48, 14, '1-38 Ladies Top', 0, 0, '500.00', '900.00', 6, '3000.00', 0, 0),
(359, 48, 14, '1-39 Ladies Top', 0, 0, '635.00', '1100.00', 4, '2540.00', 0, 0),
(360, 48, 14, '1-40 Ladies Top', 0, 0, '550.00', '950.00', 2, '1100.00', 1, 0),
(361, 48, 14, '1-41 Ladies Top', 0, 0, '710.00', '1250.00', 4, '2840.00', 0, 0),
(362, 48, 14, '1-42 Ladies Top', 0, 0, '560.00', '950.00', 2, '1120.00', 0, 0),
(363, 48, 14, '1-43 Ladies Top', 0, 0, '635.00', '1100.00', 4, '2540.00', 4, 0),
(364, 48, 14, '1-44 Ladies Top', 0, 0, '735.00', '1250.00', 12, '8820.00', 0, 0),
(365, 48, 14, '1-45 Ladies Top', 0, 0, '635.00', '1100.00', 2, '1270.00', 0, 0),
(366, 48, 14, '1-46 Ladies Top', 0, 0, '550.00', '950.00', 1, '550.00', 0, 0),
(367, 48, 14, '1-47 Ladies Top', 0, 0, '635.00', '1100.00', 2, '1270.00', 2, 0),
(368, 48, 14, '1-48 Ladies Top', 0, 0, '635.00', '1100.00', 4, '2540.00', 3, 0),
(369, 48, 16, '1-49 Ladies Shirt', 0, 0, '450.00', '800.00', 18, '8100.00', 0, 0),
(370, 48, 14, '1-50 Ladies Top Short', 0, 0, '635.00', '1100.00', 7, '4445.00', 5, 0),
(371, 48, 14, '1-51 Ladies Top', 0, 0, '635.00', '1100.00', 2, '1270.00', 0, 0),
(372, 48, 14, '1-52 Ladies Top', 0, 0, '635.00', '1100.00', 4, '2540.00', 0, 0),
(373, 48, 14, '1-53 Ladies Top', 0, 0, '535.00', '950.00', 2, '1070.00', 0, 0),
(374, 48, 14, '1-54 Ladies Top', 0, 0, '560.00', '950.00', 3, '1680.00', 1, 0),
(375, 48, 14, '1-55 Ladies Top', 0, 0, '535.00', '950.00', 4, '2140.00', 0, 0),
(376, 48, 8, '1-56 Ladies Pent', 0, 0, '725.00', '1250.00', 10, '7250.00', 4, 0),
(377, 49, 37, '1-1 3pcs Lawn Embroided Suit Bag', 0, 0, '750.00', '850.00', 22, '16500.00', 15, 0),
(378, 49, 37, '1-2 3pcs Lawn Embroided Suit Box', 0, 0, '750.00', '900.00', 10, '7500.00', 2, 0),
(379, 50, 38, '2-1 Net Embroided Gown', 0, 0, '800.00', '1100.00', 33, '26400.00', 0, 0);

-- --------------------------------------------------------

--
-- Table structure for table `purchase_return`
--

CREATE TABLE `purchase_return` (
  `id` int(11) NOT NULL,
  `datetime_added` datetime NOT NULL,
  `supplier_id` int(11) DEFAULT NULL,
  `total_items` int(11) NOT NULL,
  `total_price` decimal(10,2) NOT NULL,
  `discount` decimal(10,2) NOT NULL,
  `net_price` decimal(10,2) NOT NULL,
  `added_by` int(11) NOT NULL,
  `status` int(1) NOT NULL DEFAULT '1',
  `ts` timestamp NOT NULL DEFAULT CURRENT_TIMESTAMP
) ENGINE=InnoDB DEFAULT CHARSET=latin1;

--
-- Dumping data for table `purchase_return`
--

INSERT INTO `purchase_return` (`id`, `datetime_added`, `supplier_id`, `total_items`, `total_price`, `discount`, `net_price`, `added_by`, `status`, `ts`) VALUES
(3, '2018-04-01 16:41:00', 40, 58, '148920.00', '0.00', '148920.00', 1, 1, '2018-04-19 11:44:00'),
(4, '2018-04-01 17:47:00', 41, 243, '144825.00', '0.00', '144825.00', 1, 1, '2018-04-19 13:26:34');

-- --------------------------------------------------------

--
-- Table structure for table `purchase_return_items`
--

CREATE TABLE `purchase_return_items` (
  `id` int(11) NOT NULL,
  `purchase_return_id` int(11) NOT NULL,
  `purchase_item_id` int(11) NOT NULL,
  `purchase_price` decimal(10,2) NOT NULL,
  `quantity` int(11) NOT NULL,
  `total` decimal(10,2) NOT NULL
) ENGINE=MyISAM DEFAULT CHARSET=latin1;

--
-- Dumping data for table `purchase_return_items`
--

INSERT INTO `purchase_return_items` (`id`, `purchase_return_id`, `purchase_item_id`, `purchase_price`, `quantity`, `total`) VALUES
(16, 3, 320, '2575.00', 16, '41200.00'),
(15, 3, 319, '1850.00', 5, '9250.00'),
(14, 3, 318, '2075.00', 6, '12450.00'),
(13, 3, 317, '1695.00', 6, '10170.00'),
(12, 3, 316, '2075.00', 6, '12450.00'),
(11, 3, 315, '1950.00', 12, '23400.00'),
(10, 3, 314, '5500.00', 2, '11000.00'),
(9, 3, 313, '5800.00', 5, '29000.00'),
(17, 4, 376, '725.00', 6, '4350.00'),
(18, 4, 375, '535.00', 4, '2140.00'),
(19, 4, 374, '560.00', 2, '1120.00'),
(20, 4, 373, '535.00', 2, '1070.00'),
(21, 4, 372, '635.00', 4, '2540.00'),
(22, 4, 371, '635.00', 2, '1270.00'),
(23, 4, 370, '635.00', 2, '1270.00'),
(24, 4, 369, '450.00', 18, '8100.00'),
(25, 4, 366, '550.00', 1, '550.00'),
(26, 4, 364, '735.00', 12, '8820.00'),
(27, 4, 362, '560.00', 2, '1120.00'),
(28, 4, 361, '710.00', 4, '2840.00'),
(29, 4, 360, '550.00', 1, '550.00'),
(30, 4, 359, '635.00', 4, '2540.00'),
(31, 4, 358, '500.00', 6, '3000.00'),
(32, 4, 357, '550.00', 4, '2200.00'),
(33, 4, 356, '660.00', 3, '1980.00'),
(34, 4, 355, '635.00', 2, '1270.00'),
(35, 4, 354, '760.00', 6, '4560.00'),
(36, 4, 353, '710.00', 2, '1420.00'),
(37, 4, 352, '660.00', 2, '1320.00'),
(38, 4, 351, '760.00', 3, '2280.00'),
(39, 4, 350, '760.00', 2, '1520.00'),
(40, 4, 349, '635.00', 2, '1270.00'),
(41, 4, 348, '710.00', 3, '2130.00'),
(42, 4, 347, '660.00', 1, '660.00'),
(43, 4, 346, '760.00', 2, '1520.00'),
(44, 4, 344, '560.00', 1, '560.00'),
(45, 4, 343, '535.00', 2, '1070.00'),
(46, 4, 342, '710.00', 1, '710.00'),
(47, 4, 341, '635.00', 1, '635.00'),
(48, 4, 339, '650.00', 3, '1950.00'),
(49, 4, 338, '650.00', 4, '2600.00'),
(50, 4, 337, '650.00', 5, '3250.00'),
(51, 4, 335, '360.00', 12, '4320.00'),
(52, 4, 334, '760.00', 3, '2280.00'),
(53, 4, 333, '585.00', 7, '4095.00'),
(54, 4, 332, '590.00', 6, '3540.00'),
(55, 4, 331, '660.00', 6, '3960.00'),
(56, 4, 330, '675.00', 4, '2700.00'),
(57, 4, 329, '640.00', 16, '10240.00'),
(58, 4, 328, '275.00', 10, '2750.00'),
(59, 4, 327, '700.00', 3, '2100.00'),
(60, 4, 326, '700.00', 7, '4900.00'),
(61, 4, 325, '700.00', 6, '4200.00'),
(62, 4, 324, '575.00', 14, '8050.00'),
(63, 4, 323, '575.00', 9, '5175.00'),
(64, 4, 322, '615.00', 12, '7380.00'),
(65, 4, 321, '550.00', 9, '4950.00');

-- --------------------------------------------------------

--
-- Table structure for table `sales`
--

CREATE TABLE `sales` (
  `id` int(11) NOT NULL,
  `datetime_added` datetime NOT NULL,
  `customer_id` int(11) NOT NULL,
  `total_items` int(11) NOT NULL,
  `total_price` decimal(10,2) NOT NULL,
  `discount` decimal(10,2) NOT NULL,
  `net_price` decimal(10,2) NOT NULL,
  `added_by` int(11) NOT NULL,
  `status` int(11) NOT NULL DEFAULT '1',
  `ts` timestamp NOT NULL DEFAULT CURRENT_TIMESTAMP ON UPDATE CURRENT_TIMESTAMP
) ENGINE=MyISAM DEFAULT CHARSET=latin1;

--
-- Dumping data for table `sales`
--

INSERT INTO `sales` (`id`, `datetime_added`, `customer_id`, `total_items`, `total_price`, `discount`, `net_price`, `added_by`, `status`, `ts`) VALUES
(1, '2018-01-25 14:29:00', 0, 1, '850.00', '50.00', '800.00', 1, 1, '2018-02-13 09:31:22'),
(2, '2018-01-25 14:31:00', 0, 2, '1600.00', '0.00', '1600.00', 1, 1, '2018-02-13 09:33:02'),
(3, '2018-01-25 14:33:00', 0, 1, '900.00', '50.00', '850.00', 1, 1, '2018-02-13 09:34:20'),
(4, '2018-01-25 14:35:00', 0, 2, '800.00', '0.00', '800.00', 1, 1, '2018-02-13 09:35:52'),
(5, '2018-01-25 14:36:00', 0, 1, '400.00', '0.00', '400.00', 1, 1, '2018-02-13 09:36:33'),
(6, '2018-01-25 14:36:00', 0, 2, '3000.00', '400.00', '2600.00', 1, 1, '2018-02-13 09:37:53'),
(7, '2018-01-26 14:38:00', 0, 4, '4150.00', '250.00', '3900.00', 1, 1, '2018-02-13 09:43:46'),
(8, '2018-01-26 00:00:00', 0, 1, '1200.00', '200.00', '1000.00', 1, 1, '2018-02-13 09:45:53'),
(9, '2018-01-26 14:46:00', 0, 2, '2000.00', '400.00', '1600.00', 1, 1, '2018-02-13 09:48:04'),
(10, '2018-01-26 14:48:00', 0, 1, '700.00', '0.00', '700.00', 1, 1, '2018-02-13 09:49:10'),
(11, '2018-01-26 14:49:00', 0, 4, '1500.00', '0.00', '1500.00', 1, 1, '2018-02-13 09:51:50'),
(12, '2018-01-26 00:00:00', 0, 1, '1200.00', '0.00', '1200.00', 1, 1, '2018-02-13 09:52:16'),
(13, '2018-01-27 14:52:00', 0, 2, '1200.00', '0.00', '1200.00', 1, 1, '2018-02-13 09:54:54'),
(14, '2018-01-27 14:58:00', 0, 2, '1950.00', '350.00', '1600.00', 1, 1, '2018-02-13 10:00:50'),
(15, '2018-01-27 15:01:00', 0, 1, '950.00', '0.00', '950.00', 1, 1, '2018-02-13 10:01:56'),
(16, '2018-01-27 15:02:00', 0, 2, '1950.00', '0.00', '1950.00', 1, 1, '2018-02-13 10:03:10'),
(17, '2018-01-27 15:03:00', 0, 2, '950.00', '100.00', '850.00', 1, 1, '2018-02-13 10:04:23'),
(18, '2018-01-27 15:16:00', 0, 1, '900.00', '0.00', '900.00', 1, 1, '2018-02-13 10:17:31'),
(19, '2018-01-27 15:17:00', 0, 2, '2050.00', '0.00', '2050.00', 1, 1, '2018-02-13 10:18:00'),
(20, '2018-01-28 15:18:00', 0, 2, '2500.00', '0.00', '2500.00', 1, 1, '2018-02-13 10:21:06'),
(21, '2018-01-28 15:22:00', 0, 1, '1450.00', '0.00', '1450.00', 1, 1, '2018-02-13 10:26:21'),
(22, '2018-01-28 15:23:00', 0, 3, '3400.00', '600.00', '2800.00', 1, 1, '2018-02-13 10:25:55'),
(23, '2018-01-28 15:26:00', 0, 1, '1550.00', '250.00', '1300.00', 1, 1, '2018-02-13 10:27:37'),
(24, '2018-01-28 15:27:00', 0, 1, '900.00', '0.00', '900.00', 1, 1, '2018-02-13 10:28:19'),
(25, '2018-01-28 15:28:00', 0, 1, '400.00', '0.00', '400.00', 1, 1, '2018-02-13 10:28:49'),
(26, '2018-01-29 15:28:00', 0, 10, '9550.00', '50.00', '9500.00', 1, 1, '2018-02-13 10:31:18'),
(27, '2018-01-30 15:32:00', 0, 2, '2950.00', '0.00', '2950.00', 1, 1, '2018-02-13 10:33:00'),
(28, '2018-01-30 15:33:00', 0, 1, '1000.00', '0.00', '1000.00', 1, 1, '2018-02-13 10:33:55'),
(29, '2018-01-30 00:00:00', 0, 2, '1650.00', '0.00', '1650.00', 1, 1, '2018-02-13 10:34:57'),
(30, '2018-01-31 15:36:00', 0, 2, '1600.00', '0.00', '1600.00', 1, 1, '2018-02-13 10:36:59'),
(31, '2018-01-31 00:00:00', 0, 1, '1100.00', '0.00', '1100.00', 1, 1, '2018-02-13 10:38:22'),
(32, '2018-01-31 15:38:00', 0, 1, '1100.00', '0.00', '1100.00', 1, 1, '2018-02-13 10:38:47'),
(33, '2018-01-31 15:39:00', 0, 4, '1600.00', '0.00', '1600.00', 1, 1, '2018-02-13 10:39:39'),
(34, '2018-01-31 15:39:00', 0, 2, '1800.00', '0.00', '1800.00', 1, 1, '2018-02-13 10:40:05'),
(35, '2018-01-31 15:40:00', 0, 2, '2200.00', '0.00', '2200.00', 1, 1, '2018-02-13 10:40:42'),
(36, '2018-02-01 15:40:00', 0, 1, '1200.00', '0.00', '1200.00', 1, 1, '2018-02-13 10:41:33'),
(37, '2018-02-01 00:00:00', 0, 1, '700.00', '0.00', '700.00', 1, 1, '2018-02-13 10:41:56'),
(38, '2018-02-01 15:42:00', 0, 2, '3000.00', '0.00', '3000.00', 1, 1, '2018-02-13 10:42:34'),
(39, '2018-02-03 15:58:00', 0, 2, '1200.00', '0.00', '1200.00', 1, 1, '2018-02-13 10:59:32'),
(40, '2018-02-03 16:00:00', 0, 1, '1000.00', '0.00', '1000.00', 1, 1, '2018-02-13 11:00:21'),
(41, '2018-02-03 16:00:00', 0, 2, '3050.00', '0.00', '3050.00', 1, 1, '2018-02-13 11:01:04'),
(42, '2018-02-04 16:01:00', 0, 1, '900.00', '0.00', '900.00', 1, 1, '2018-02-13 11:01:57'),
(43, '2018-02-04 16:02:00', 0, 3, '1300.00', '0.00', '1300.00', 1, 1, '2018-02-13 11:03:18'),
(44, '2018-02-05 16:03:00', 0, 2, '1300.00', '0.00', '1300.00', 1, 1, '2018-02-13 11:04:27'),
(45, '2018-02-05 16:04:00', 0, 1, '1350.00', '150.00', '1200.00', 1, 1, '2018-02-13 11:05:16'),
(46, '2018-02-05 16:09:00', 0, 2, '1750.00', '0.00', '1750.00', 1, 1, '2018-02-13 11:09:59'),
(47, '2018-02-06 16:13:00', 0, 1, '1150.00', '150.00', '1000.00', 1, 1, '2018-02-13 11:13:39'),
(48, '2018-02-06 16:13:00', 0, 3, '2050.00', '0.00', '2050.00', 1, 1, '2018-02-13 11:14:31'),
(49, '2018-02-06 16:14:00', 0, 5, '5550.00', '50.00', '5500.00', 1, 1, '2018-02-13 11:18:44'),
(50, '2018-02-06 16:19:00', 0, 3, '4900.00', '400.00', '4500.00', 1, 1, '2018-02-13 11:22:37'),
(51, '2018-02-06 16:22:00', 0, 1, '300.00', '50.00', '250.00', 1, 1, '2018-02-13 11:23:35'),
(52, '2018-02-06 16:23:00', 0, 1, '1400.00', '0.00', '1400.00', 1, 1, '2018-02-13 11:24:49'),
(53, '2018-02-06 16:24:00', 0, 1, '400.00', '50.00', '350.00', 1, 1, '2018-02-13 11:26:08'),
(54, '2018-02-06 16:26:00', 0, 1, '950.00', '0.00', '950.00', 1, 1, '2018-02-13 11:26:47'),
(55, '2018-02-07 16:26:00', 0, 1, '1250.00', '0.00', '1250.00', 1, 1, '2018-02-13 11:27:44'),
(56, '2018-02-07 00:00:00', 0, 1, '1250.00', '0.00', '1250.00', 1, 1, '2018-02-13 11:28:03'),
(57, '2018-02-07 16:28:00', 0, 1, '400.00', '50.00', '350.00', 1, 1, '2018-02-13 11:28:32'),
(58, '2018-02-07 16:45:00', 0, 1, '800.00', '100.00', '700.00', 1, 1, '2018-02-13 11:46:18'),
(59, '2018-02-07 16:47:00', 0, 1, '900.00', '200.00', '700.00', 1, 1, '2018-02-13 11:47:28'),
(60, '2018-02-07 16:47:00', 0, 1, '1350.00', '0.00', '1350.00', 1, 1, '2018-02-13 11:47:48'),
(61, '2018-02-07 16:47:00', 0, 5, '2650.00', '250.00', '2400.00', 1, 1, '2018-02-13 11:50:20'),
(62, '2018-02-08 00:00:00', 0, 1, '1450.00', '0.00', '1450.00', 1, 1, '2018-02-13 12:19:49'),
(63, '2018-02-08 17:19:00', 0, 1, '400.00', '0.00', '400.00', 1, 1, '2018-02-13 12:21:00'),
(64, '2018-02-08 17:21:00', 0, 2, '1700.00', '50.00', '1650.00', 1, 1, '2018-02-13 12:22:05'),
(65, '2018-02-08 17:26:00', 0, 1, '1450.00', '0.00', '1450.00', 1, 1, '2018-02-13 12:27:06'),
(66, '2018-02-08 17:27:00', 0, 1, '1200.00', '150.00', '1050.00', 1, 1, '2018-02-13 12:28:11'),
(67, '2018-02-08 17:28:00', 0, 1, '1200.00', '200.00', '1000.00', 1, 1, '2018-02-13 12:29:05'),
(68, '2018-02-08 00:00:00', 0, 1, '300.00', '0.00', '300.00', 1, 1, '2018-02-13 18:17:05'),
(69, '2018-02-08 17:44:00', 0, 2, '2550.00', '50.00', '2500.00', 1, 1, '2018-02-13 12:44:47'),
(70, '2018-02-08 00:00:00', 0, 1, '1100.00', '100.00', '1000.00', 1, 1, '2018-02-13 12:45:25'),
(71, '2018-02-09 17:48:00', 0, 1, '1400.00', '100.00', '1300.00', 1, 1, '2018-02-13 12:48:24'),
(72, '2018-02-09 17:48:00', 0, 1, '1200.00', '700.00', '500.00', 1, 1, '2018-02-13 12:49:06'),
(73, '2018-02-09 17:49:00', 0, 2, '1950.00', '50.00', '1900.00', 1, 1, '2018-02-13 12:50:08'),
(74, '2018-02-09 17:50:00', 0, 1, '400.00', '50.00', '350.00', 1, 1, '2018-02-13 12:50:32'),
(75, '2018-02-09 17:50:00', 0, 2, '1200.00', '150.00', '1050.00', 1, 1, '2018-02-13 12:51:35'),
(76, '2018-02-09 17:51:00', 0, 1, '1200.00', '0.00', '1200.00', 1, 1, '2018-02-13 12:52:05'),
(77, '2018-02-10 17:52:00', 0, 2, '1100.00', '100.00', '1000.00', 1, 1, '2018-02-13 12:53:37'),
(78, '2018-02-10 00:00:00', 0, 1, '1200.00', '0.00', '1200.00', 1, 1, '2018-02-13 12:54:14'),
(79, '2018-02-10 00:00:00', 0, 2, '1900.00', '0.00', '1900.00', 1, 1, '2018-02-24 10:48:49'),
(80, '2018-02-10 17:54:00', 0, 1, '1400.00', '400.00', '1000.00', 1, 1, '2018-02-13 12:55:21'),
(81, '2018-02-10 17:55:00', 0, 1, '300.00', '0.00', '300.00', 1, 1, '2018-02-13 12:55:47'),
(82, '2018-02-10 17:55:00', 0, 1, '700.00', '100.00', '600.00', 1, 1, '2018-02-13 12:56:17'),
(83, '2018-02-10 17:56:00', 0, 2, '2450.00', '0.00', '2450.00', 1, 1, '2018-02-13 12:57:03'),
(84, '2018-02-10 17:57:00', 0, 2, '1400.00', '0.00', '1400.00', 1, 1, '2018-02-13 12:57:49'),
(85, '2018-02-11 00:00:00', 0, 2, '800.00', '0.00', '800.00', 1, 1, '2018-02-13 13:10:17'),
(86, '2018-02-11 18:10:00', 0, 1, '800.00', '0.00', '800.00', 1, 1, '2018-02-13 13:10:55'),
(87, '2018-02-11 00:00:00', 0, 1, '400.00', '0.00', '400.00', 1, 1, '2018-02-13 13:11:14'),
(88, '2018-02-11 00:00:00', 0, 1, '1000.00', '0.00', '1000.00', 1, 1, '2018-02-13 13:11:39'),
(89, '2018-02-11 18:11:00', 0, 1, '750.00', '50.00', '700.00', 1, 1, '2018-02-13 13:12:10'),
(90, '2018-02-12 00:00:00', 0, 1, '400.00', '0.00', '400.00', 1, 1, '2018-02-13 13:12:50'),
(91, '2018-02-12 18:12:00', 0, 1, '1400.00', '150.00', '1250.00', 1, 1, '2018-02-13 13:13:33'),
(92, '2018-02-12 18:13:00', 0, 1, '650.00', '0.00', '650.00', 1, 1, '2018-02-13 13:16:24'),
(93, '2018-02-12 18:14:00', 0, 1, '900.00', '0.00', '900.00', 1, 1, '2018-02-13 13:14:18'),
(94, '2018-02-12 00:00:00', 0, 1, '400.00', '0.00', '400.00', 1, 1, '2018-02-13 13:15:02'),
(95, '2018-02-12 18:15:00', 0, 1, '950.00', '0.00', '950.00', 1, 1, '2018-02-13 13:15:43'),
(96, '2018-02-12 18:17:00', 0, 1, '1200.00', '0.00', '1200.00', 1, 1, '2018-02-13 13:17:58'),
(97, '2018-02-12 18:18:00', 0, 1, '400.00', '0.00', '400.00', 1, 1, '2018-02-13 13:18:19'),
(98, '2018-02-13 14:15:00', 0, 1, '300.00', '0.00', '300.00', 1, 1, '2018-02-14 09:17:37'),
(99, '2018-02-13 14:17:00', 0, 1, '1400.00', '0.00', '1400.00', 1, 1, '2018-02-14 09:18:06'),
(100, '2018-02-13 14:18:00', 0, 2, '850.00', '0.00', '850.00', 1, 1, '2018-02-14 09:33:58'),
(101, '2018-02-14 18:05:00', 0, 1, '400.00', '50.00', '350.00', 1, 1, '2018-02-14 13:05:30'),
(102, '2018-02-14 18:42:00', 0, 1, '1500.00', '150.00', '1350.00', 1, 1, '2018-02-14 13:43:50'),
(103, '2018-02-14 23:17:00', 0, 2, '1250.00', '250.00', '1000.00', 1, 1, '2018-02-15 09:21:32'),
(104, '2018-02-15 18:36:00', 0, 2, '950.00', '50.00', '900.00', 1, 1, '2018-02-15 13:37:30'),
(105, '2018-02-15 18:37:00', 0, 1, '1300.00', '50.00', '1250.00', 1, 1, '2018-02-15 13:38:10'),
(106, '2018-02-15 18:38:00', 0, 1, '400.00', '0.00', '400.00', 1, 1, '2018-02-15 13:38:30'),
(107, '2018-02-15 23:36:00', 0, 1, '1100.00', '0.00', '1100.00', 1, 1, '2018-02-15 18:37:03'),
(108, '2018-02-15 23:37:00', 0, 2, '1450.00', '150.00', '1300.00', 1, 1, '2018-02-15 18:38:00'),
(109, '2018-02-22 21:15:00', 0, 1, '650.00', '100.00', '550.00', 1, 1, '2018-02-22 16:16:37'),
(110, '2018-02-22 22:32:00', 0, 1, '900.00', '100.00', '800.00', 1, 1, '2018-02-22 17:33:35'),
(111, '2018-02-22 23:14:00', 0, 3, '2550.00', '50.00', '2500.00', 1, 1, '2018-02-22 18:27:49'),
(112, '2018-02-22 23:29:00', 0, 1, '550.00', '50.00', '500.00', 1, 1, '2018-02-22 18:34:24'),
(113, '2018-02-24 14:43:00', 0, 1, '850.00', '0.00', '850.00', 1, 1, '2018-02-24 09:43:52'),
(114, '2018-02-24 23:08:00', 0, 2, '1650.00', '150.00', '1500.00', 1, 1, '2018-02-24 18:09:02'),
(115, '2018-02-24 23:09:00', 0, 6, '4100.00', '700.00', '3400.00', 1, 1, '2018-02-24 18:09:52'),
(116, '2018-02-25 15:01:00', 0, 1, '1000.00', '150.00', '850.00', 1, 1, '2018-02-25 10:02:22'),
(117, '2018-02-25 19:16:00', 0, 5, '5700.00', '0.00', '5700.00', 1, 1, '2018-02-26 09:45:35'),
(118, '2018-02-25 20:04:00', 0, 2, '3400.00', '400.00', '3000.00', 1, 1, '2018-02-25 15:07:30'),
(119, '2018-02-27 21:11:00', 0, 2, '2050.00', '150.00', '1900.00', 1, 1, '2018-02-27 16:11:38'),
(120, '2018-02-27 23:18:00', 0, 2, '2200.00', '0.00', '2200.00', 1, 1, '2018-02-27 18:18:37'),
(121, '2018-02-27 23:20:00', 0, 3, '2600.00', '0.00', '2600.00', 1, 1, '2018-02-27 18:22:36'),
(122, '2018-02-28 14:09:00', 0, 2, '1550.00', '50.00', '1500.00', 1, 1, '2018-02-28 09:10:24'),
(123, '2018-02-28 15:52:00', 0, 4, '2800.00', '0.00', '2800.00', 1, 1, '2018-02-28 10:57:21'),
(124, '2018-02-28 16:00:00', 0, 1, '500.00', '0.00', '500.00', 1, 1, '2018-02-28 11:01:02'),
(125, '2018-02-28 22:29:00', 0, 2, '2800.00', '200.00', '2600.00', 1, 1, '2018-03-05 17:45:05'),
(126, '2018-02-28 22:45:00', 0, 2, '2200.00', '0.00', '2200.00', 1, 1, '2018-03-05 17:46:33'),
(127, '2018-03-01 22:46:00', 0, 1, '1700.00', '200.00', '1500.00', 1, 1, '2018-03-05 17:47:16'),
(128, '2018-03-01 22:47:00', 0, 3, '3400.00', '0.00', '3400.00', 1, 1, '2018-03-05 17:49:30'),
(129, '2018-03-03 22:49:00', 0, 1, '400.00', '0.00', '400.00', 1, 1, '2018-03-05 17:50:29'),
(130, '2018-03-03 22:50:00', 0, 1, '1100.00', '0.00', '1100.00', 1, 1, '2018-03-05 17:50:50'),
(131, '2018-03-03 22:50:00', 0, 3, '3250.00', '0.00', '3250.00', 1, 1, '2018-03-05 17:51:40'),
(132, '2018-03-03 22:51:00', 0, 1, '400.00', '0.00', '400.00', 1, 1, '2018-03-05 17:52:41'),
(133, '2018-03-04 00:00:00', 0, 2, '2100.00', '100.00', '2000.00', 1, 1, '2018-03-05 17:53:30'),
(134, '2018-03-04 22:53:00', 0, 1, '300.00', '0.00', '300.00', 1, 1, '2018-03-05 17:53:50'),
(135, '2018-03-04 00:00:00', 0, 2, '1000.00', '0.00', '1000.00', 1, 1, '2018-03-05 17:54:25'),
(136, '2018-03-05 22:58:00', 0, 1, '1000.00', '0.00', '1000.00', 1, 1, '2018-03-05 17:58:12'),
(137, '2018-03-04 00:00:00', 0, 3, '3950.00', '400.00', '3550.00', 1, 1, '2018-03-05 17:59:02'),
(138, '2018-03-04 22:59:00', 0, 1, '1250.00', '50.00', '1200.00', 1, 1, '2018-04-01 13:43:16'),
(139, '2018-03-04 22:59:00', 0, 2, '2050.00', '0.00', '2050.00', 1, 1, '2018-03-05 18:01:27'),
(140, '2018-03-04 23:01:00', 0, 2, '2300.00', '0.00', '2300.00', 1, 1, '2018-03-05 18:04:37'),
(141, '2018-03-04 23:04:00', 0, 1, '1100.00', '0.00', '1100.00', 1, 1, '2018-03-05 18:05:30'),
(142, '2018-03-04 23:05:00', 0, 3, '3100.00', '100.00', '3000.00', 1, 1, '2018-03-05 18:06:28'),
(143, '2018-03-04 23:06:00', 0, 2, '1800.00', '0.00', '1800.00', 1, 1, '2018-03-05 18:07:09'),
(144, '2018-03-05 23:07:00', 0, 1, '400.00', '50.00', '350.00', 1, 1, '2018-03-05 18:08:11'),
(145, '2018-03-06 22:31:00', 0, 1, '1400.00', '0.00', '1400.00', 1, 1, '2018-03-06 17:32:14'),
(149, '2018-03-07 18:52:00', 0, 2, '2300.00', '100.00', '2200.00', 1, 1, '2018-03-07 13:52:40'),
(147, '2018-03-07 18:50:00', 0, 1, '1200.00', '0.00', '1200.00', 1, 1, '2018-03-07 13:50:28'),
(148, '2018-03-07 18:50:00', 0, 1, '1550.00', '250.00', '1300.00', 1, 1, '2018-03-07 13:50:56'),
(150, '2018-03-07 21:04:00', 0, 1, '900.00', '0.00', '900.00', 1, 1, '2018-03-07 16:04:41'),
(151, '2018-03-07 21:05:00', 0, 2, '2400.00', '0.00', '2400.00', 1, 1, '2018-03-07 16:06:13'),
(152, '2018-03-07 21:11:00', 0, 2, '1550.00', '0.00', '1550.00', 1, 1, '2018-03-07 16:11:36'),
(153, '2018-03-07 21:13:00', 0, 2, '2350.00', '0.00', '2350.00', 1, 1, '2018-03-07 16:15:21'),
(154, '2018-03-08 14:15:00', 0, 2, '2300.00', '0.00', '2300.00', 1, 1, '2018-03-08 09:17:16'),
(155, '2018-03-08 14:23:00', 0, 1, '750.00', '0.00', '750.00', 1, 1, '2018-03-08 09:23:33'),
(156, '2018-03-08 15:30:00', 0, 2, '2400.00', '0.00', '2400.00', 1, 1, '2018-03-08 10:33:05'),
(157, '2018-03-08 20:56:00', 0, 1, '1250.00', '150.00', '1100.00', 1, 1, '2018-03-08 15:58:32'),
(158, '2018-03-10 17:25:00', 0, 3, '3450.00', '0.00', '3450.00', 1, 1, '2018-03-10 12:27:12'),
(159, '2018-03-10 19:26:00', 0, 2, '2200.00', '0.00', '2200.00', 1, 1, '2018-03-10 14:27:49'),
(160, '2018-03-10 21:14:00', 0, 2, '2200.00', '0.00', '2200.00', 1, 1, '2018-03-10 16:16:26'),
(161, '2018-03-10 22:54:00', 0, 1, '850.00', '0.00', '850.00', 1, 1, '2018-03-10 17:54:30'),
(162, '2018-03-10 23:02:00', 0, 1, '1100.00', '0.00', '1100.00', 1, 1, '2018-03-10 18:03:06'),
(163, '2018-03-11 22:12:00', 0, 3, '1200.00', '0.00', '1200.00', 1, 1, '2018-03-11 17:13:15'),
(164, '2018-03-11 22:13:00', 0, 1, '400.00', '50.00', '350.00', 1, 1, '2018-03-11 17:13:35'),
(165, '2018-03-11 22:13:00', 0, 1, '1250.00', '0.00', '1250.00', 1, 1, '2018-03-11 17:13:50'),
(166, '2018-03-11 22:13:00', 0, 5, '4400.00', '0.00', '4400.00', 1, 1, '2018-03-11 17:15:37'),
(167, '2018-03-12 13:52:00', 0, 2, '800.00', '0.00', '800.00', 1, 1, '2018-03-12 08:52:52'),
(168, '2018-03-13 20:48:00', 0, 1, '400.00', '0.00', '400.00', 1, 1, '2018-03-13 15:48:14'),
(169, '2018-03-13 20:48:00', 0, 2, '800.00', '0.00', '800.00', 1, 1, '2018-03-13 15:48:31'),
(170, '2018-03-13 20:48:00', 0, 1, '400.00', '0.00', '400.00', 1, 1, '2018-03-13 15:48:52'),
(171, '2018-03-14 21:10:00', 0, 1, '400.00', '0.00', '400.00', 1, 1, '2018-03-14 16:10:23'),
(172, '2018-03-14 21:30:00', 0, 1, '300.00', '0.00', '300.00', 1, 1, '2018-03-14 16:31:01'),
(174, '2018-03-14 22:51:00', 0, 3, '3250.00', '0.00', '3250.00', 1, 1, '2018-03-21 16:34:12'),
(175, '2018-03-15 16:18:00', 0, 1, '2650.00', '150.00', '2500.00', 1, 1, '2018-03-15 11:19:11'),
(178, '2018-03-15 21:48:00', 0, 1, '1400.00', '0.00', '1400.00', 1, 1, '2018-03-15 16:48:56'),
(177, '2018-03-15 17:54:00', 0, 4, '1900.00', '0.00', '1900.00', 1, 1, '2018-03-15 12:55:12'),
(179, '2018-03-17 22:28:00', 0, 1, '1200.00', '0.00', '1200.00', 1, 1, '2018-03-18 17:29:51'),
(180, '2018-03-17 22:30:00', 0, 2, '1800.00', '0.00', '1800.00', 1, 1, '2018-03-18 17:30:37'),
(181, '2018-03-18 22:31:00', 0, 2, '2050.00', '50.00', '2000.00', 1, 1, '2018-03-18 17:32:07'),
(182, '2018-03-18 22:38:00', 0, 2, '2300.00', '0.00', '2300.00', 1, 1, '2018-03-18 17:38:43'),
(183, '2018-03-18 22:38:00', 0, 2, '1700.00', '0.00', '1700.00', 1, 1, '2018-03-18 17:39:48'),
(184, '2018-03-18 22:39:00', 0, 3, '3450.00', '0.00', '3450.00', 1, 1, '2018-03-18 17:40:25'),
(185, '2018-03-18 22:41:00', 0, 1, '1150.00', '50.00', '1100.00', 1, 1, '2018-03-18 17:41:12'),
(186, '2018-03-18 22:41:00', 0, 3, '2450.00', '50.00', '2400.00', 1, 1, '2018-03-29 14:54:52'),
(187, '2018-03-19 21:00:00', 0, 1, '750.00', '0.00', '750.00', 1, 1, '2018-03-19 16:09:51'),
(188, '2018-03-20 17:14:00', 0, 1, '1100.00', '0.00', '1100.00', 1, 1, '2018-03-20 12:18:50'),
(189, '2018-03-20 18:07:00', 0, 2, '2300.00', '0.00', '2300.00', 1, 1, '2018-03-20 13:07:42'),
(190, '2018-03-20 18:11:00', 0, 2, '2300.00', '0.00', '2300.00', 1, 1, '2018-03-20 13:14:12'),
(191, '2018-03-20 19:15:00', 0, 1, '1100.00', '0.00', '1100.00', 1, 1, '2018-03-20 14:17:30'),
(192, '2018-03-20 22:18:00', 0, 1, '1100.00', '100.00', '1000.00', 1, 1, '2018-03-20 17:22:03'),
(193, '2018-03-20 22:20:00', 0, 1, '300.00', '0.00', '300.00', 1, 1, '2018-03-20 17:20:52'),
(194, '2018-03-20 22:20:00', 0, 1, '1200.00', '0.00', '1200.00', 1, 1, '2018-03-20 17:21:35'),
(195, '2018-03-21 16:49:00', 0, 1, '1100.00', '50.00', '1050.00', 1, 1, '2018-03-21 11:50:10'),
(196, '2018-03-21 16:50:00', 0, 1, '400.00', '50.00', '350.00', 1, 1, '2018-03-21 11:50:45'),
(197, '2018-03-21 19:56:00', 0, 2, '2500.00', '200.00', '2300.00', 1, 1, '2018-03-21 14:57:34'),
(198, '2018-03-21 19:57:00', 0, 1, '300.00', '0.00', '300.00', 1, 1, '2018-03-21 14:57:49'),
(199, '2018-03-21 21:45:00', 0, 3, '3650.00', '0.00', '3650.00', 1, 1, '2018-03-21 16:46:56'),
(200, '2018-03-21 21:39:00', 0, 12, '11150.00', '1150.00', '10000.00', 1, 1, '2018-03-22 16:50:51'),
(202, '2018-03-22 21:55:00', 0, 1, '1500.00', '100.00', '1400.00', 1, 1, '2018-03-22 16:56:03'),
(203, '2018-03-22 22:54:00', 0, 2, '800.00', '100.00', '700.00', 1, 1, '2018-03-22 17:54:59'),
(204, '2018-03-24 18:55:00', 0, 1, '600.00', '100.00', '500.00', 1, 1, '2018-03-27 13:55:45'),
(205, '2018-03-25 18:56:00', 0, 2, '1500.00', '0.00', '1500.00', 1, 1, '2018-03-27 13:57:09'),
(206, '2018-03-25 18:57:00', 0, 1, '400.00', '0.00', '400.00', 1, 1, '2018-03-27 13:58:13'),
(207, '2018-03-25 18:58:00', 0, 1, '1150.00', '0.00', '1150.00', 1, 1, '2018-03-27 13:59:13'),
(208, '2018-03-25 18:59:00', 0, 2, '2800.00', '300.00', '2500.00', 1, 1, '2018-03-27 14:00:28'),
(209, '2018-03-25 19:00:00', 0, 1, '1100.00', '0.00', '1100.00', 1, 1, '2018-03-27 14:00:53'),
(210, '2018-03-26 19:01:00', 0, 6, '2400.00', '0.00', '2400.00', 1, 1, '2018-03-27 14:01:40'),
(211, '2018-03-26 19:02:00', 0, 1, '1150.00', '0.00', '1150.00', 1, 1, '2018-03-27 14:03:07'),
(212, '2018-03-26 19:03:00', 0, 2, '2250.00', '50.00', '2200.00', 1, 1, '2018-03-27 14:04:21'),
(213, '2018-03-26 19:04:00', 0, 2, '2200.00', '0.00', '2200.00', 1, 1, '2018-03-27 14:04:56'),
(214, '2018-03-26 19:05:00', 0, 1, '1250.00', '50.00', '1200.00', 1, 1, '2018-03-27 14:06:00'),
(215, '2018-03-27 23:12:00', 0, 3, '2300.00', '400.00', '1900.00', 1, 1, '2018-03-27 18:13:09'),
(216, '2018-03-28 18:46:00', 0, 1, '400.00', '0.00', '400.00', 1, 1, '2018-03-28 13:47:06'),
(217, '2018-03-28 21:35:00', 0, 2, '2050.00', '0.00', '2050.00', 1, 1, '2018-03-28 16:35:54'),
(218, '2018-03-28 21:52:00', 0, 1, '800.00', '0.00', '800.00', 1, 1, '2018-03-28 16:52:25'),
(219, '2018-03-29 17:21:00', 0, 1, '1650.00', '0.00', '1650.00', 1, 1, '2018-03-29 12:22:13'),
(220, '2018-03-29 17:48:00', 0, 1, '1150.00', '0.00', '1150.00', 1, 1, '2018-03-29 12:48:29'),
(221, '2018-03-29 18:27:00', 0, 11, '4950.00', '0.00', '4950.00', 1, 1, '2018-03-29 13:31:05'),
(222, '2018-03-29 18:46:00', 0, 1, '400.00', '0.00', '400.00', 1, 1, '2018-03-29 13:46:38'),
(223, '2018-03-31 22:43:00', 0, 3, '3200.00', '100.00', '3100.00', 1, 1, '2018-03-31 17:43:37'),
(224, '2018-03-31 22:49:00', 0, 1, '400.00', '0.00', '400.00', 1, 1, '2018-03-31 17:50:00'),
(225, '2018-03-31 16:18:00', 0, 1, '1250.00', '0.00', '1250.00', 1, 1, '2018-04-16 17:17:25'),
(226, '2018-04-01 17:08:00', 0, 1, '750.00', '0.00', '750.00', 1, 1, '2018-04-02 18:01:25'),
(227, '2018-04-01 20:38:00', 0, 3, '2550.00', '0.00', '2550.00', 1, 1, '2018-04-01 15:42:56'),
(228, '2018-04-01 20:42:00', 0, 3, '3800.00', '0.00', '3800.00', 1, 1, '2018-04-01 15:48:04'),
(229, '2018-04-01 21:35:00', 0, 1, '400.00', '0.00', '400.00', 1, 1, '2018-04-01 16:35:15'),
(231, '2018-04-03 17:37:00', 0, 1, '400.00', '0.00', '400.00', 1, 1, '2018-04-03 12:38:02'),
(232, '2018-04-03 18:22:00', 0, 3, '2200.00', '100.00', '2100.00', 1, 1, '2018-04-03 13:25:00'),
(233, '2018-04-03 18:25:00', 0, 1, '850.00', '0.00', '850.00', 1, 1, '2018-04-03 13:25:39'),
(234, '2018-04-04 17:45:00', 0, 2, '1050.00', '110.00', '940.00', 1, 1, '2018-04-04 12:48:58'),
(235, '2018-04-04 17:49:00', 0, 1, '400.00', '50.00', '350.00', 1, 1, '2018-04-04 12:49:21'),
(236, '2018-04-04 21:00:00', 0, 1, '550.00', '110.00', '440.00', 1, 1, '2018-04-04 16:00:58'),
(238, '2018-04-05 16:09:00', 0, 4, '3400.00', '0.00', '3400.00', 1, 1, '2018-04-05 11:09:26'),
(239, '2018-04-07 19:25:00', 0, 1, '400.00', '0.00', '400.00', 1, 1, '2018-04-07 14:25:54'),
(240, '2018-04-07 21:33:00', 0, 5, '1700.00', '0.00', '1700.00', 1, 1, '2018-04-07 16:34:05'),
(241, '2018-04-08 20:59:00', 0, 1, '500.00', '0.00', '500.00', 1, 1, '2018-04-08 15:59:09'),
(242, '2018-04-08 21:05:00', 0, 6, '6850.00', '700.00', '6150.00', 1, 1, '2018-04-08 16:09:33'),
(243, '2018-04-11 14:04:00', 0, 2, '2250.00', '200.00', '2050.00', 1, 1, '2018-04-11 15:25:09'),
(244, '2018-04-11 14:21:00', 0, 3, '2450.00', '150.00', '2300.00', 1, 1, '2018-04-11 09:33:52'),
(245, '2018-04-11 17:15:00', 0, 2, '1700.00', '100.00', '1600.00', 1, 1, '2018-04-11 12:15:39'),
(246, '2018-04-11 17:20:00', 0, 1, '900.00', '0.00', '900.00', 1, 1, '2018-04-11 12:20:47'),
(247, '2018-04-09 22:30:00', 0, 1, '850.00', '0.00', '850.00', 1, 1, '2018-04-11 17:30:42'),
(248, '2018-04-10 22:30:00', 0, 2, '800.00', '0.00', '800.00', 1, 1, '2018-04-11 17:31:44'),
(249, '2018-04-11 22:37:00', 0, 2, '3300.00', '330.00', '2970.00', 1, 1, '2018-04-11 17:38:41'),
(250, '2018-04-11 23:11:00', 0, 1, '400.00', '0.00', '400.00', 1, 1, '2018-04-11 18:11:53'),
(252, '2018-04-12 17:27:00', 0, 1, '400.00', '0.00', '400.00', 1, 1, '2018-04-12 12:27:44'),
(253, '2018-04-12 20:51:00', 0, 2, '1800.00', '0.00', '1800.00', 1, 1, '2018-04-12 15:52:01'),
(254, '2018-04-15 16:56:00', 0, 4, '2600.00', '140.00', '2460.00', 1, 1, '2018-04-15 11:58:45'),
(255, '2018-04-15 20:57:00', 0, 1, '950.00', '0.00', '950.00', 1, 1, '2018-04-15 15:57:33'),
(256, '2018-04-15 21:57:00', 0, 2, '1700.00', '0.00', '1700.00', 1, 1, '2018-04-15 16:57:32'),
(257, '2018-04-16 17:41:00', 0, 1, '1150.00', '250.00', '900.00', 1, 1, '2018-04-16 12:42:14'),
(258, '2018-04-16 17:42:00', 0, 3, '2550.00', '0.00', '2550.00', 1, 1, '2018-04-16 12:43:08'),
(259, '2018-02-18 00:00:00', 0, 4, '4400.00', '400.00', '4000.00', 1, 1, '2018-04-16 13:13:41'),
(260, '2018-02-20 18:13:00', 0, 1, '1600.00', '150.00', '1450.00', 1, 1, '2018-04-16 13:14:25'),
(261, '2018-02-21 18:14:00', 0, 1, '550.00', '50.00', '500.00', 1, 1, '2018-04-16 13:14:59'),
(262, '2018-04-16 21:00:00', 0, 2, '900.00', '0.00', '900.00', 1, 1, '2018-04-16 16:00:37'),
(263, '2018-04-12 22:31:00', 0, 2, '2800.00', '300.00', '2500.00', 1, 1, '2018-04-16 17:32:32'),
(264, '2018-04-16 23:16:00', 0, 1, '1000.00', '150.00', '850.00', 1, 1, '2018-04-16 18:16:41'),
(265, '2018-04-17 19:25:00', 0, 2, '3050.00', '300.00', '2750.00', 1, 1, '2018-04-17 14:26:42'),
(266, '2018-04-17 19:34:00', 0, 2, '1600.00', '0.00', '1600.00', 1, 1, '2018-04-17 14:34:52'),
(267, '2018-04-17 20:02:00', 0, 1, '900.00', '0.00', '900.00', 1, 1, '2018-04-18 17:06:20'),
(268, '2018-04-17 21:56:00', 0, 1, '400.00', '0.00', '400.00', 1, 1, '2018-04-17 16:56:07'),
(269, '2018-04-19 17:56:00', 0, 2, '800.00', '0.00', '800.00', 1, 1, '2018-04-19 12:57:09'),
(270, '2018-04-19 18:02:00', 0, 1, '400.00', '0.00', '400.00', 1, 1, '2018-04-19 13:02:25'),
(271, '2018-04-19 18:05:00', 0, 2, '1400.00', '0.00', '1400.00', 1, 1, '2018-04-19 13:05:59'),
(272, '2018-04-19 18:59:00', 0, 2, '800.00', '0.00', '800.00', 1, 1, '2018-04-19 13:59:18'),
(273, '2018-04-19 20:06:00', 0, 2, '1750.00', '200.00', '1550.00', 1, 1, '2018-04-21 12:41:56'),
(274, '2018-04-21 18:10:00', 0, 1, '1650.00', '250.00', '1400.00', 1, 1, '2018-04-21 13:10:48'),
(275, '2018-04-21 19:38:00', 0, 1, '1200.00', '0.00', '1200.00', 1, 1, '2018-04-21 14:38:51'),
(276, '2018-04-24 15:09:00', 0, 1, '950.00', '0.00', '950.00', 1, 1, '2018-04-24 10:10:47'),
(277, '2018-05-25 21:06:00', 0, 2, '2400.00', '0.00', '2400.00', 1, 1, '2018-05-25 16:06:23'),
(278, '2022-05-07 02:27:00', 11, 2, '1800.00', '0.00', '1800.00', 1, 1, '2022-05-06 21:28:35');

-- --------------------------------------------------------

--
-- Table structure for table `sales_items`
--

CREATE TABLE `sales_items` (
  `id` int(11) NOT NULL,
  `sales_id` int(11) NOT NULL,
  `purchase_item_id` int(11) NOT NULL,
  `sale_price` decimal(10,2) NOT NULL,
  `discount` decimal(10,2) NOT NULL,
  `quantity` int(11) NOT NULL,
  `total` decimal(10,2) NOT NULL
) ENGINE=MyISAM DEFAULT CHARSET=latin1;

--
-- Dumping data for table `sales_items`
--

INSERT INTO `sales_items` (`id`, `sales_id`, `purchase_item_id`, `sale_price`, `discount`, `quantity`, `total`) VALUES
(1, 1, 140, '850.00', '0.00', 1, '850.00'),
(2, 2, 209, '400.00', '0.00', 1, '400.00'),
(3, 2, 71, '1200.00', '0.00', 1, '1200.00'),
(4, 3, 194, '900.00', '0.00', 1, '900.00'),
(5, 4, 154, '400.00', '0.00', 2, '800.00'),
(6, 5, 154, '400.00', '0.00', 1, '400.00'),
(7, 6, 166, '2600.00', '0.00', 1, '2600.00'),
(8, 6, 154, '400.00', '0.00', 1, '400.00'),
(9, 7, 244, '1400.00', '0.00', 1, '1400.00'),
(10, 7, 116, '500.00', '0.00', 1, '500.00'),
(11, 7, 205, '1700.00', '0.00', 1, '1700.00'),
(12, 7, 137, '550.00', '0.00', 1, '550.00'),
(15, 9, 253, '850.00', '0.00', 1, '850.00'),
(14, 8, 243, '1200.00', '0.00', 1, '1200.00'),
(16, 9, 269, '1150.00', '0.00', 1, '1150.00'),
(17, 10, 156, '700.00', '0.00', 1, '700.00'),
(18, 11, 183, '300.00', '0.00', 1, '300.00'),
(19, 11, 29, '400.00', '0.00', 2, '800.00'),
(20, 11, 209, '400.00', '0.00', 1, '400.00'),
(21, 12, 243, '1200.00', '0.00', 1, '1200.00'),
(31, 16, 253, '850.00', '0.00', 1, '850.00'),
(30, 15, 70, '950.00', '0.00', 1, '950.00'),
(24, 13, 154, '400.00', '0.00', 1, '400.00'),
(25, 13, 222, '800.00', '0.00', 1, '800.00'),
(28, 14, 253, '850.00', '0.00', 1, '850.00'),
(29, 14, 265, '1100.00', '0.00', 1, '1100.00'),
(32, 16, 242, '1100.00', '0.00', 1, '1100.00'),
(33, 17, 153, '550.00', '0.00', 1, '550.00'),
(34, 17, 81, '400.00', '0.00', 1, '400.00'),
(35, 18, 125, '900.00', '0.00', 1, '900.00'),
(36, 19, 161, '1650.00', '0.00', 1, '1650.00'),
(37, 19, 209, '400.00', '0.00', 1, '400.00'),
(43, 22, 51, '1550.00', '0.00', 1, '1550.00'),
(49, 24, 125, '900.00', '0.00', 1, '900.00'),
(40, 20, 271, '1400.00', '0.00', 1, '1400.00'),
(41, 20, 283, '1100.00', '0.00', 1, '1100.00'),
(44, 22, 206, '1250.00', '0.00', 1, '1250.00'),
(45, 22, 121, '600.00', '0.00', 1, '600.00'),
(46, 21, 37, '1450.00', '0.00', 1, '1450.00'),
(48, 23, 51, '1550.00', '0.00', 1, '1550.00'),
(50, 25, 154, '400.00', '0.00', 1, '400.00'),
(51, 26, 183, '300.00', '0.00', 3, '900.00'),
(52, 26, 51, '1550.00', '0.00', 3, '4650.00'),
(53, 26, 29, '400.00', '0.00', 1, '400.00'),
(54, 26, 231, '1150.00', '0.00', 1, '1150.00'),
(55, 26, 16, '1100.00', '0.00', 1, '1100.00'),
(56, 26, 218, '1350.00', '0.00', 1, '1350.00'),
(57, 27, 147, '1400.00', '0.00', 1, '1400.00'),
(58, 27, 27, '1550.00', '0.00', 1, '1550.00'),
(59, 28, 127, '1000.00', '0.00', 1, '1000.00'),
(65, 30, 71, '1200.00', '0.00', 1, '1200.00'),
(64, 30, 29, '400.00', '0.00', 1, '400.00'),
(62, 29, 226, '850.00', '0.00', 1, '850.00'),
(63, 29, 222, '800.00', '0.00', 1, '800.00'),
(66, 31, 128, '1100.00', '0.00', 1, '1100.00'),
(67, 32, 119, '1100.00', '0.00', 1, '1100.00'),
(68, 33, 29, '400.00', '0.00', 1, '400.00'),
(69, 33, 154, '400.00', '0.00', 3, '1200.00'),
(70, 34, 125, '900.00', '0.00', 2, '1800.00'),
(71, 35, 119, '1100.00', '0.00', 2, '2200.00'),
(72, 36, 300, '1200.00', '0.00', 1, '1200.00'),
(73, 37, 156, '700.00', '0.00', 1, '700.00'),
(79, 38, 309, '1250.00', '0.00', 1, '1250.00'),
(78, 38, 92, '1750.00', '0.00', 1, '1750.00'),
(81, 39, 222, '800.00', '0.00', 1, '800.00'),
(80, 39, 154, '400.00', '0.00', 1, '400.00'),
(82, 40, 124, '1000.00', '0.00', 1, '1000.00'),
(83, 41, 114, '1550.00', '0.00', 1, '1550.00'),
(84, 41, 42, '1500.00', '0.00', 1, '1500.00'),
(85, 42, 194, '900.00', '0.00', 1, '900.00'),
(86, 43, 154, '400.00', '0.00', 1, '400.00'),
(87, 43, 30, '500.00', '0.00', 1, '500.00'),
(88, 43, 120, '400.00', '0.00', 1, '400.00'),
(89, 44, 29, '400.00', '0.00', 1, '400.00'),
(90, 44, 194, '900.00', '0.00', 1, '900.00'),
(91, 45, 290, '1350.00', '0.00', 1, '1350.00'),
(92, 46, 290, '1350.00', '0.00', 1, '1350.00'),
(93, 46, 29, '400.00', '0.00', 1, '400.00'),
(94, 47, 298, '1150.00', '0.00', 1, '1150.00'),
(95, 48, 137, '550.00', '0.00', 1, '550.00'),
(96, 48, 55, '700.00', '0.00', 1, '700.00'),
(97, 48, 225, '800.00', '0.00', 1, '800.00'),
(98, 49, 304, '1250.00', '0.00', 1, '1250.00'),
(99, 49, 291, '1350.00', '0.00', 1, '1350.00'),
(100, 49, 55, '700.00', '0.00', 1, '700.00'),
(101, 49, 34, '1450.00', '0.00', 1, '1450.00'),
(102, 49, 2, '800.00', '0.00', 1, '800.00'),
(103, 50, 96, '2300.00', '0.00', 1, '2300.00'),
(104, 50, 126, '1250.00', '0.00', 1, '1250.00'),
(105, 50, 174, '1350.00', '0.00', 1, '1350.00'),
(106, 51, 183, '300.00', '0.00', 1, '300.00'),
(107, 52, 147, '1400.00', '0.00', 1, '1400.00'),
(108, 53, 81, '400.00', '0.00', 1, '400.00'),
(109, 54, 70, '950.00', '0.00', 1, '950.00'),
(110, 55, 10, '1250.00', '0.00', 1, '1250.00'),
(111, 56, 10, '1250.00', '0.00', 1, '1250.00'),
(116, 59, 259, '900.00', '0.00', 1, '900.00'),
(113, 57, 81, '400.00', '0.00', 1, '400.00'),
(115, 58, 123, '800.00', '0.00', 1, '800.00'),
(117, 60, 290, '1350.00', '0.00', 1, '1350.00'),
(129, 64, 223, '850.00', '0.00', 1, '850.00'),
(128, 64, 226, '850.00', '0.00', 1, '850.00'),
(127, 63, 310, '400.00', '0.00', 1, '400.00'),
(126, 62, 136, '1450.00', '0.00', 1, '1450.00'),
(122, 61, 183, '300.00', '0.00', 2, '600.00'),
(123, 61, 115, '450.00', '0.00', 1, '450.00'),
(124, 61, 224, '750.00', '0.00', 1, '750.00'),
(125, 61, 253, '850.00', '0.00', 1, '850.00'),
(130, 65, 37, '1450.00', '0.00', 1, '1450.00'),
(131, 66, 303, '1200.00', '0.00', 1, '1200.00'),
(132, 67, 243, '1200.00', '0.00', 1, '1200.00'),
(141, 69, 64, '1100.00', '0.00', 1, '1100.00'),
(144, 71, 40, '1400.00', '0.00', 1, '1400.00'),
(143, 70, 119, '1100.00', '0.00', 1, '1100.00'),
(184, 100, 258, '550.00', '0.00', 1, '550.00'),
(183, 100, 183, '300.00', '0.00', 1, '300.00'),
(180, 68, 183, '300.00', '0.00', 1, '300.00'),
(142, 69, 34, '1450.00', '0.00', 1, '1450.00'),
(145, 72, 243, '1200.00', '0.00', 1, '1200.00'),
(146, 73, 268, '1100.00', '0.00', 1, '1100.00'),
(147, 73, 253, '850.00', '0.00', 1, '850.00'),
(148, 74, 81, '400.00', '0.00', 1, '400.00'),
(149, 75, 183, '300.00', '0.00', 1, '300.00'),
(150, 75, 259, '900.00', '0.00', 1, '900.00'),
(151, 76, 71, '1200.00', '0.00', 1, '1200.00'),
(152, 77, 29, '400.00', '0.00', 1, '400.00'),
(153, 77, 156, '700.00', '0.00', 1, '700.00'),
(154, 78, 3, '1200.00', '0.00', 1, '1200.00'),
(218, 79, 23, '1050.00', '0.00', 1, '1050.00'),
(217, 79, 22, '850.00', '0.00', 1, '850.00'),
(157, 80, 271, '1400.00', '0.00', 1, '1400.00'),
(158, 81, 31, '300.00', '0.00', 1, '300.00'),
(159, 82, 212, '700.00', '0.00', 1, '700.00'),
(160, 83, 124, '1000.00', '0.00', 1, '1000.00'),
(161, 83, 37, '1450.00', '0.00', 1, '1450.00'),
(162, 84, 156, '700.00', '0.00', 1, '700.00'),
(163, 84, 212, '700.00', '0.00', 1, '700.00'),
(164, 85, 154, '400.00', '0.00', 2, '800.00'),
(165, 86, 158, '800.00', '0.00', 1, '800.00'),
(166, 87, 120, '400.00', '0.00', 1, '400.00'),
(167, 88, 124, '1000.00', '0.00', 1, '1000.00'),
(168, 89, 239, '750.00', '0.00', 1, '750.00'),
(169, 90, 81, '400.00', '0.00', 1, '400.00'),
(170, 91, 41, '1400.00', '0.00', 1, '1400.00'),
(176, 96, 243, '1200.00', '0.00', 1, '1200.00'),
(172, 93, 125, '900.00', '0.00', 1, '900.00'),
(173, 94, 29, '400.00', '0.00', 1, '400.00'),
(174, 95, 70, '950.00', '0.00', 1, '950.00'),
(175, 92, 191, '650.00', '0.00', 1, '650.00'),
(177, 97, 81, '400.00', '0.00', 1, '400.00'),
(182, 99, 41, '1400.00', '0.00', 1, '1400.00'),
(181, 98, 183, '300.00', '0.00', 1, '300.00'),
(185, 101, 81, '400.00', '0.00', 1, '400.00'),
(197, 103, 257, '550.00', '0.00', 1, '550.00'),
(187, 102, 42, '1500.00', '0.00', 1, '1500.00'),
(196, 103, 264, '700.00', '0.00', 1, '700.00'),
(199, 104, 116, '500.00', '0.00', 1, '500.00'),
(198, 104, 115, '450.00', '0.00', 1, '450.00'),
(200, 105, 175, '1300.00', '0.00', 1, '1300.00'),
(201, 106, 81, '400.00', '0.00', 1, '400.00'),
(202, 107, 203, '1100.00', '0.00', 1, '1100.00'),
(208, 110, 213, '900.00', '0.00', 1, '900.00'),
(207, 109, 178, '650.00', '0.00', 1, '650.00'),
(205, 108, 253, '850.00', '0.00', 1, '850.00'),
(206, 108, 221, '600.00', '0.00', 1, '600.00'),
(209, 111, 81, '400.00', '0.00', 1, '400.00'),
(210, 111, 192, '1000.00', '0.00', 1, '1000.00'),
(211, 111, 228, '1150.00', '0.00', 1, '1150.00'),
(214, 113, 312, '850.00', '0.00', 1, '850.00'),
(213, 112, 137, '550.00', '0.00', 1, '550.00'),
(220, 114, 220, '850.00', '0.00', 1, '850.00'),
(219, 114, 240, '800.00', '0.00', 1, '800.00'),
(244, 117, 73, '1400.00', '0.00', 1, '1400.00'),
(243, 117, 41, '1400.00', '0.00', 1, '1400.00'),
(227, 116, 299, '1000.00', '0.00', 1, '1000.00'),
(224, 115, 137, '550.00', '0.00', 2, '1100.00'),
(225, 115, 31, '300.00', '0.00', 2, '600.00'),
(226, 115, 204, '1200.00', '0.00', 2, '2400.00'),
(242, 117, 288, '1350.00', '0.00', 1, '1350.00'),
(241, 117, 125, '900.00', '0.00', 1, '900.00'),
(240, 117, 178, '650.00', '0.00', 1, '650.00'),
(233, 118, 168, '2400.00', '0.00', 1, '2400.00'),
(234, 118, 124, '1000.00', '0.00', 1, '1000.00'),
(380, 142, 336, '1150.00', '0.00', 1, '1150.00'),
(379, 142, 223, '850.00', '0.00', 1, '850.00'),
(247, 120, 230, '1100.00', '0.00', 2, '2200.00'),
(246, 119, 323, '950.00', '0.00', 1, '950.00'),
(245, 119, 363, '1100.00', '0.00', 1, '1100.00'),
(378, 142, 119, '1100.00', '0.00', 1, '1100.00'),
(256, 122, 81, '400.00', '0.00', 1, '400.00'),
(255, 122, 231, '1150.00', '0.00', 1, '1150.00'),
(258, 123, 22, '850.00', '0.00', 1, '850.00'),
(257, 123, 310, '400.00', '0.00', 1, '400.00'),
(259, 123, 29, '400.00', '0.00', 1, '400.00'),
(260, 123, 162, '1150.00', '0.00', 1, '1150.00'),
(261, 124, 328, '500.00', '0.00', 1, '500.00'),
(262, 125, 73, '1400.00', '0.00', 2, '2800.00'),
(263, 126, 363, '1100.00', '0.00', 1, '1100.00'),
(264, 126, 329, '1100.00', '0.00', 1, '1100.00'),
(265, 127, 169, '1700.00', '0.00', 1, '1700.00'),
(266, 128, 342, '1250.00', '0.00', 1, '1250.00'),
(267, 128, 353, '1250.00', '0.00', 1, '1250.00'),
(268, 128, 213, '900.00', '0.00', 1, '900.00'),
(269, 129, 154, '400.00', '0.00', 1, '400.00'),
(270, 130, 345, '1100.00', '0.00', 1, '1100.00'),
(271, 131, 367, '1100.00', '0.00', 1, '1100.00'),
(272, 131, 360, '950.00', '0.00', 1, '950.00'),
(273, 131, 330, '1200.00', '0.00', 1, '1200.00'),
(274, 132, 81, '400.00', '0.00', 1, '400.00'),
(275, 133, 321, '950.00', '0.00', 1, '950.00'),
(276, 133, 336, '1150.00', '0.00', 1, '1150.00'),
(277, 134, 31, '300.00', '0.00', 1, '300.00'),
(278, 135, 30, '500.00', '0.00', 1, '500.00'),
(279, 135, 155, '500.00', '0.00', 1, '500.00'),
(280, 136, 77, '1000.00', '0.00', 1, '1000.00'),
(281, 137, 37, '1450.00', '0.00', 1, '1450.00'),
(282, 137, 350, '1300.00', '0.00', 1, '1300.00'),
(283, 137, 3, '1200.00', '0.00', 1, '1200.00'),
(286, 139, 162, '1150.00', '0.00', 1, '1150.00'),
(496, 227, 81, '400.00', '0.00', 1, '400.00'),
(287, 139, 213, '900.00', '0.00', 1, '900.00'),
(288, 140, 336, '1150.00', '0.00', 2, '2300.00'),
(289, 141, 363, '1100.00', '0.00', 1, '1100.00'),
(384, 184, 229, '1150.00', '0.00', 1, '1150.00'),
(382, 187, 185, '750.00', '0.00', 1, '750.00'),
(383, 188, 64, '1100.00', '0.00', 1, '1100.00'),
(293, 143, 150, '700.00', '0.00', 1, '700.00'),
(294, 143, 341, '1100.00', '0.00', 1, '1100.00'),
(297, 145, 244, '1400.00', '0.00', 1, '1400.00'),
(296, 144, 81, '400.00', '0.00', 1, '400.00'),
(307, 151, 336, '1150.00', '0.00', 1, '1150.00'),
(306, 150, 125, '900.00', '0.00', 1, '900.00'),
(300, 147, 327, '1200.00', '0.00', 1, '1200.00'),
(301, 148, 114, '1550.00', '0.00', 1, '1550.00'),
(305, 149, 60, '1350.00', '0.00', 1, '1350.00'),
(304, 149, 344, '950.00', '0.00', 1, '950.00'),
(308, 151, 340, '1250.00', '0.00', 1, '1250.00'),
(309, 152, 150, '700.00', '0.00', 1, '700.00'),
(310, 152, 311, '850.00', '0.00', 1, '850.00'),
(311, 153, 45, '1250.00', '0.00', 1, '1250.00'),
(312, 153, 349, '1100.00', '0.00', 1, '1100.00'),
(313, 154, 327, '1200.00', '0.00', 1, '1200.00'),
(314, 154, 341, '1100.00', '0.00', 1, '1100.00'),
(315, 155, 185, '750.00', '0.00', 1, '750.00'),
(316, 156, 347, '1150.00', '0.00', 1, '1150.00'),
(317, 156, 376, '1250.00', '0.00', 1, '1250.00'),
(320, 158, 345, '1100.00', '0.00', 1, '1100.00'),
(319, 157, 342, '1250.00', '0.00', 1, '1250.00'),
(321, 158, 352, '1150.00', '0.00', 1, '1150.00'),
(322, 158, 327, '1200.00', '0.00', 1, '1200.00'),
(323, 159, 213, '900.00', '0.00', 1, '900.00'),
(324, 159, 350, '1300.00', '0.00', 1, '1300.00'),
(325, 160, 173, '1050.00', '0.00', 1, '1050.00'),
(326, 160, 352, '1150.00', '0.00', 1, '1150.00'),
(327, 161, 311, '850.00', '0.00', 1, '850.00'),
(328, 162, 368, '1100.00', '0.00', 1, '1100.00'),
(329, 163, 154, '400.00', '0.00', 1, '400.00'),
(330, 163, 310, '400.00', '0.00', 2, '800.00'),
(331, 164, 81, '400.00', '0.00', 1, '400.00'),
(332, 165, 376, '1250.00', '0.00', 1, '1250.00'),
(333, 166, 171, '1150.00', '0.00', 1, '1150.00'),
(334, 166, 150, '700.00', '0.00', 1, '700.00'),
(335, 166, 154, '400.00', '0.00', 1, '400.00'),
(336, 166, 195, '900.00', '0.00', 1, '900.00'),
(337, 166, 126, '1250.00', '0.00', 1, '1250.00'),
(338, 167, 310, '400.00', '0.00', 1, '400.00'),
(339, 167, 154, '400.00', '0.00', 1, '400.00'),
(340, 168, 29, '400.00', '0.00', 1, '400.00'),
(341, 169, 29, '400.00', '0.00', 2, '800.00'),
(342, 170, 310, '400.00', '0.00', 1, '400.00'),
(343, 171, 310, '400.00', '0.00', 1, '400.00'),
(344, 172, 208, '300.00', '0.00', 1, '300.00'),
(466, 210, 154, '400.00', '0.00', 1, '400.00'),
(465, 209, 329, '1100.00', '0.00', 1, '1100.00'),
(353, 178, 147, '1400.00', '0.00', 1, '1400.00'),
(349, 175, 319, '2650.00', '0.00', 1, '2650.00'),
(351, 177, 110, '550.00', '0.00', 2, '1100.00'),
(352, 177, 154, '400.00', '0.00', 2, '800.00'),
(356, 180, 150, '700.00', '0.00', 1, '700.00'),
(355, 179, 326, '1200.00', '0.00', 1, '1200.00'),
(357, 180, 345, '1100.00', '0.00', 1, '1100.00'),
(363, 182, 374, '950.00', '0.00', 1, '950.00'),
(362, 182, 218, '1350.00', '0.00', 1, '1350.00'),
(360, 181, 324, '950.00', '0.00', 1, '950.00'),
(361, 181, 367, '1100.00', '0.00', 1, '1100.00'),
(364, 183, 335, '650.00', '0.00', 1, '650.00'),
(365, 183, 23, '1050.00', '0.00', 1, '1050.00'),
(490, 223, 162, '1150.00', '0.00', 1, '1150.00'),
(489, 223, 310, '400.00', '0.00', 1, '400.00'),
(457, 203, 81, '400.00', '0.00', 1, '400.00'),
(388, 190, 171, '1150.00', '0.00', 1, '1150.00'),
(387, 189, 171, '1150.00', '0.00', 1, '1150.00'),
(386, 189, 337, '1150.00', '0.00', 1, '1150.00'),
(375, 121, 225, '800.00', '0.00', 1, '800.00'),
(376, 121, 228, '1150.00', '0.00', 1, '1150.00'),
(377, 121, 179, '650.00', '0.00', 1, '650.00'),
(385, 184, 331, '1150.00', '0.00', 2, '2300.00'),
(389, 190, 337, '1150.00', '0.00', 1, '1150.00'),
(390, 191, 368, '1100.00', '0.00', 1, '1100.00'),
(395, 195, 17, '1100.00', '0.00', 1, '1100.00'),
(392, 193, 183, '300.00', '0.00', 1, '300.00'),
(393, 194, 326, '1200.00', '0.00', 1, '1200.00'),
(394, 192, 345, '1100.00', '0.00', 1, '1100.00'),
(396, 196, 310, '400.00', '0.00', 1, '400.00'),
(397, 197, 202, '1550.00', '0.00', 1, '1550.00'),
(398, 197, 323, '950.00', '0.00', 1, '950.00'),
(399, 198, 183, '300.00', '0.00', 1, '300.00'),
(400, 174, 81, '400.00', '0.00', 1, '400.00'),
(401, 174, 125, '900.00', '0.00', 1, '900.00'),
(402, 174, 61, '1950.00', '0.00', 1, '1950.00'),
(464, 208, 136, '1450.00', '0.00', 1, '1450.00'),
(406, 199, 342, '1250.00', '0.00', 1, '1250.00'),
(407, 199, 331, '1150.00', '0.00', 1, '1150.00'),
(408, 199, 353, '1250.00', '0.00', 1, '1250.00'),
(463, 208, 174, '1350.00', '0.00', 1, '1350.00'),
(462, 207, 339, '1150.00', '0.00', 1, '1150.00'),
(461, 206, 81, '400.00', '0.00', 1, '400.00'),
(460, 205, 224, '750.00', '0.00', 2, '1500.00'),
(459, 204, 121, '600.00', '0.00', 1, '600.00'),
(458, 203, 154, '400.00', '0.00', 1, '400.00'),
(456, 185, 228, '1150.00', '0.00', 1, '1150.00'),
(451, 200, 161, '1650.00', '0.00', 1, '1650.00'),
(450, 200, 156, '700.00', '0.00', 2, '1400.00'),
(449, 200, 77, '1000.00', '0.00', 1, '1000.00'),
(448, 200, 147, '1400.00', '0.00', 1, '1400.00'),
(447, 200, 330, '1200.00', '0.00', 1, '1200.00'),
(446, 200, 154, '400.00', '0.00', 1, '400.00'),
(445, 200, 2, '800.00', '0.00', 1, '800.00'),
(444, 200, 29, '400.00', '0.00', 1, '400.00'),
(443, 200, 18, '1100.00', '0.00', 1, '1100.00'),
(442, 200, 70, '950.00', '0.00', 1, '950.00'),
(441, 200, 311, '850.00', '0.00', 1, '850.00'),
(455, 202, 42, '1500.00', '0.00', 1, '1500.00'),
(467, 210, 29, '400.00', '0.00', 5, '2000.00'),
(468, 211, 228, '1150.00', '0.00', 1, '1150.00'),
(469, 212, 368, '1100.00', '0.00', 1, '1100.00'),
(470, 212, 337, '1150.00', '0.00', 1, '1150.00'),
(471, 213, 370, '1100.00', '0.00', 2, '2200.00'),
(472, 214, 376, '1250.00', '0.00', 1, '1250.00'),
(473, 215, 370, '1100.00', '0.00', 1, '1100.00'),
(474, 215, 121, '600.00', '0.00', 2, '1200.00'),
(475, 216, 310, '400.00', '0.00', 1, '400.00'),
(476, 217, 363, '1100.00', '0.00', 1, '1100.00'),
(477, 217, 323, '950.00', '0.00', 1, '950.00'),
(478, 218, 122, '800.00', '0.00', 1, '800.00'),
(479, 219, 161, '1650.00', '0.00', 1, '1650.00'),
(480, 220, 356, '1150.00', '0.00', 1, '1150.00'),
(481, 221, 328, '500.00', '0.00', 1, '500.00'),
(482, 221, 310, '400.00', '0.00', 1, '400.00'),
(483, 221, 29, '400.00', '0.00', 4, '1600.00'),
(484, 221, 154, '400.00', '0.00', 2, '800.00'),
(485, 221, 153, '550.00', '0.00', 3, '1650.00'),
(486, 222, 29, '400.00', '0.00', 1, '400.00'),
(487, 186, 180, '650.00', '0.00', 2, '1300.00'),
(488, 186, 297, '1150.00', '0.00', 1, '1150.00'),
(491, 223, 161, '1650.00', '0.00', 1, '1650.00'),
(492, 224, 81, '400.00', '0.00', 1, '400.00'),
(559, 263, 291, '1350.00', '0.00', 1, '1350.00'),
(507, 232, 30, '500.00', '0.00', 1, '500.00'),
(495, 138, 340, '1250.00', '0.00', 1, '1250.00'),
(497, 227, 192, '1000.00', '0.00', 1, '1000.00'),
(498, 227, 228, '1150.00', '0.00', 1, '1150.00'),
(499, 228, 376, '1250.00', '0.00', 1, '1250.00'),
(500, 228, 193, '900.00', '0.00', 1, '900.00'),
(501, 228, 161, '1650.00', '0.00', 1, '1650.00'),
(502, 229, 81, '400.00', '0.00', 1, '400.00'),
(503, 226, 111, '750.00', '0.00', 1, '750.00'),
(506, 231, 29, '400.00', '0.00', 1, '400.00'),
(508, 232, 377, '850.00', '0.00', 2, '1700.00'),
(509, 233, 377, '850.00', '0.00', 1, '850.00'),
(510, 234, 178, '650.00', '0.00', 1, '650.00'),
(511, 234, 310, '400.00', '0.00', 1, '400.00'),
(512, 235, 154, '400.00', '0.00', 1, '400.00'),
(513, 236, 258, '550.00', '0.00', 1, '550.00'),
(515, 238, 377, '850.00', '0.00', 4, '3400.00'),
(516, 239, 310, '400.00', '0.00', 1, '400.00'),
(517, 240, 154, '400.00', '0.00', 1, '400.00'),
(518, 240, 310, '400.00', '0.00', 1, '400.00'),
(519, 240, 183, '300.00', '0.00', 3, '900.00'),
(520, 241, 30, '500.00', '0.00', 1, '500.00'),
(521, 242, 126, '1250.00', '0.00', 1, '1250.00'),
(522, 242, 253, '850.00', '0.00', 1, '850.00'),
(523, 242, 15, '1150.00', '0.00', 2, '2300.00'),
(524, 242, 25, '1300.00', '0.00', 1, '1300.00'),
(525, 242, 336, '1150.00', '0.00', 1, '1150.00'),
(537, 248, 154, '400.00', '0.00', 1, '400.00'),
(536, 247, 377, '850.00', '0.00', 1, '850.00'),
(528, 244, 377, '850.00', '0.00', 2, '1700.00'),
(529, 244, 224, '750.00', '0.00', 1, '750.00'),
(530, 245, 253, '850.00', '0.00', 1, '850.00'),
(531, 245, 377, '850.00', '0.00', 1, '850.00'),
(534, 243, 174, '1350.00', '0.00', 1, '1350.00'),
(533, 246, 194, '900.00', '0.00', 1, '900.00'),
(535, 243, 194, '900.00', '0.00', 1, '900.00'),
(538, 248, 29, '400.00', '0.00', 1, '400.00'),
(539, 249, 161, '1650.00', '0.00', 2, '3300.00'),
(540, 250, 310, '400.00', '0.00', 1, '400.00'),
(542, 252, 154, '400.00', '0.00', 1, '400.00'),
(543, 253, 378, '900.00', '0.00', 2, '1800.00'),
(544, 254, 29, '400.00', '0.00', 2, '800.00'),
(545, 254, 310, '400.00', '0.00', 1, '400.00'),
(546, 254, 73, '1400.00', '0.00', 1, '1400.00'),
(547, 255, 70, '950.00', '0.00', 1, '950.00'),
(548, 256, 377, '850.00', '0.00', 2, '1700.00'),
(549, 257, 228, '1150.00', '0.00', 1, '1150.00'),
(552, 259, 202, '1550.00', '0.00', 1, '1550.00'),
(551, 258, 377, '850.00', '0.00', 3, '2550.00'),
(553, 259, 70, '950.00', '0.00', 3, '2850.00'),
(554, 260, 148, '1600.00', '0.00', 1, '1600.00'),
(555, 261, 137, '550.00', '0.00', 1, '550.00'),
(556, 262, 30, '500.00', '0.00', 1, '500.00'),
(557, 262, 29, '400.00', '0.00', 1, '400.00'),
(558, 225, 348, '1250.00', '0.00', 1, '1250.00'),
(560, 263, 136, '1450.00', '0.00', 1, '1450.00'),
(561, 264, 285, '1000.00', '0.00', 1, '1000.00'),
(562, 265, 32, '1850.00', '0.00', 1, '1850.00'),
(563, 265, 3, '1200.00', '0.00', 1, '1200.00'),
(564, 266, 212, '700.00', '0.00', 1, '700.00'),
(565, 266, 125, '900.00', '0.00', 1, '900.00'),
(568, 268, 310, '400.00', '0.00', 1, '400.00'),
(570, 269, 29, '400.00', '0.00', 1, '400.00'),
(569, 267, 125, '900.00', '0.00', 1, '900.00'),
(571, 269, 310, '400.00', '0.00', 1, '400.00'),
(572, 270, 154, '400.00', '0.00', 1, '400.00'),
(573, 271, 81, '400.00', '0.00', 1, '400.00'),
(574, 271, 127, '1000.00', '0.00', 1, '1000.00'),
(579, 273, 287, '800.00', '0.00', 1, '800.00'),
(576, 272, 81, '400.00', '0.00', 2, '800.00'),
(581, 274, 161, '1650.00', '0.00', 1, '1650.00'),
(580, 273, 70, '950.00', '0.00', 1, '950.00'),
(582, 275, 163, '1200.00', '0.00', 1, '1200.00'),
(583, 276, 321, '950.00', '0.00', 1, '950.00'),
(584, 277, 330, '1200.00', '0.00', 2, '2400.00'),
(585, 278, 343, '950.00', '50.00', 2, '1800.00');

-- --------------------------------------------------------

--
-- Table structure for table `sales_return`
--

CREATE TABLE `sales_return` (
  `id` int(11) NOT NULL,
  `datetime_added` datetime NOT NULL,
  `customer_id` int(11) NOT NULL,
  `total_items` int(11) NOT NULL,
  `total_price` decimal(10,2) NOT NULL,
  `discount` decimal(10,2) NOT NULL,
  `net_price` decimal(10,2) NOT NULL,
  `added_by` int(11) NOT NULL,
  `status` int(11) NOT NULL DEFAULT '1',
  `ts` timestamp NOT NULL DEFAULT CURRENT_TIMESTAMP ON UPDATE CURRENT_TIMESTAMP
) ENGINE=MyISAM DEFAULT CHARSET=latin1;

--
-- Dumping data for table `sales_return`
--

INSERT INTO `sales_return` (`id`, `datetime_added`, `customer_id`, `total_items`, `total_price`, `discount`, `net_price`, `added_by`, `status`, `ts`) VALUES
(2, '2018-03-22 21:45:00', 0, 1, '850.00', '0.00', '850.00', 1, 1, '2018-03-22 16:45:33'),
(4, '2018-04-01 19:25:00', 0, 1, '1200.00', '0.00', '1200.00', 1, 1, '2018-04-01 14:26:04'),
(5, '2018-04-24 15:12:00', 0, 1, '950.00', '0.00', '950.00', 1, 1, '2018-04-24 10:12:16'),
(6, '2018-04-24 15:51:00', 0, 1, '850.00', '0.00', '850.00', 1, 1, '2018-04-24 10:51:46');

-- --------------------------------------------------------

--
-- Table structure for table `sales_return_items`
--

CREATE TABLE `sales_return_items` (
  `id` int(11) NOT NULL,
  `sales_return_id` int(11) NOT NULL,
  `purchase_item_id` int(11) NOT NULL,
  `sale_price` decimal(10,2) NOT NULL,
  `discount` decimal(10,2) NOT NULL,
  `quantity` int(11) NOT NULL,
  `total` decimal(10,2) NOT NULL
) ENGINE=MyISAM DEFAULT CHARSET=latin1;

--
-- Dumping data for table `sales_return_items`
--

INSERT INTO `sales_return_items` (`id`, `sales_return_id`, `purchase_item_id`, `sale_price`, `discount`, `quantity`, `total`) VALUES
(2, 2, 311, '850.00', '0.00', 1, '850.00'),
(4, 4, 326, '1200.00', '0.00', 1, '1200.00'),
(5, 5, 321, '950.00', '0.00', 1, '950.00'),
(6, 6, 377, '850.00', '0.00', 1, '850.00');

-- --------------------------------------------------------

--
-- Table structure for table `size`
--

CREATE TABLE `size` (
  `id` int(11) NOT NULL,
  `title` varchar(50) NOT NULL,
  `sortorder` int(11) NOT NULL,
  `ts` timestamp NOT NULL DEFAULT CURRENT_TIMESTAMP ON UPDATE CURRENT_TIMESTAMP
) ENGINE=InnoDB DEFAULT CHARSET=latin1;

--
-- Dumping data for table `size`
--

INSERT INTO `size` (`id`, `title`, `sortorder`, `ts`) VALUES
(1, 'Large', 1, '2017-12-06 12:55:46'),
(2, 'Medium', 2, '2017-12-06 12:55:56'),
(3, 'Small', 3, '2017-12-06 12:56:05');

-- --------------------------------------------------------

--
-- Table structure for table `supplier`
--

CREATE TABLE `supplier` (
  `id` int(11) NOT NULL,
  `supplier_code` varchar(50) NOT NULL,
  `supplier_name` varchar(100) NOT NULL,
  `phone` varchar(50) NOT NULL,
  `address` text NOT NULL,
  `balance` decimal(10,2) NOT NULL,
  `status` int(1) NOT NULL DEFAULT '1',
  `ts` timestamp NOT NULL DEFAULT CURRENT_TIMESTAMP
) ENGINE=InnoDB DEFAULT CHARSET=latin1;

--
-- Dumping data for table `supplier`
--

INSERT INTO `supplier` (`id`, `supplier_code`, `supplier_name`, `phone`, `address`, `balance`, `status`, `ts`) VALUES
(12, 'FG', 'Fashion Gallery', '021-34394555 / 0300-2413205', 'Humayun Anis.\r\nMateen Center, First Floor, Shop # 105', '0.00', 1, '2017-12-07 09:41:08'),
(13, 'SM', 'Singhar Markaz', '021-37014711 / 0321-2219155 / 0300-2352986', 'Shop # 1.2, Mezzanine Floor,\r\nMateen Centre,\r\nTariq Road, Karachi.', '0.00', 1, '2017-12-11 10:51:50'),
(14, 'SGT', 'Sahab G. Tights', '0346-3519065 / 0345-2355150 / 0312-0222141.', 'Shop # 9, A/1-2, Manghopir Road,\r\nKarachi. S.I.T.E', '0.00', 1, '2017-12-12 11:32:32'),
(15, 'WG', 'Waseem Garments', '0300-8242204 / 021-34544691 / 37014705', 'Shop # F-73, 1st Floor,\r\nMateen Center, Tariq Road,\r\nKarachi.', '0.00', 1, '2017-12-12 13:01:37'),
(16, 'AP', 'a.p.jeans', '0322-2237461 / 0322-9221016', 'Mateen Center.', '0.00', 1, '2017-12-12 14:50:48'),
(17, 'ANG', 'Anila Garments.', '021-35670428 / 0333-2194166', 'Shop # 31-32, 3rd Floor,\r\nKarim Center, Saddar.\r\nKarachi. \r\n\r\n\r\n', '0.00', 1, '2017-12-14 11:37:34'),
(18, 'HK', 'Hussain Garments', '0321-5608799', 'Karim Center, Saddar.\r\nKarachi.', '0.00', 1, '2017-12-14 12:21:07'),
(19, 'kdco', 'Kidco Garments', '021-35219150 / 0322-2887205 / 0322-2237646', 'Shop # 62, Third Floor,\r\nKarim Centre, Saddar.\r\nKarachi.', '0.00', 1, '2017-12-14 13:10:28'),
(20, 'KHG', 'Karachi Hosiery & Garments.', '021-32800344 / 0300-9204504 / 0320-3567891', 'Shop # G-11, Rainbow Center, \r\nSaddar,\r\nKarachi.', '0.00', 1, '2017-12-18 12:40:25'),
(21, 'VOG', 'VOGUE Garments', '', 'Karim Centre, Saddar.\r\nKarachi.', '0.00', 1, '2017-12-23 11:50:52'),
(22, 'DZ', 'Dr. Mazhar', '', '', '0.00', 1, '2017-12-23 14:17:45'),
(23, 'Brkt', 'Al-Barkat', '021-34321319 / 0322-2991411', 'Shop # 36, 1st Floor, Dolmen Mall, Tariq Road,\r\nKarachi.', '0.00', 1, '2017-12-23 14:52:21'),
(24, 'L-Hk', 'Lady Hawk', '', 'Dolmen Mall', '0.00', 1, '2017-12-24 15:07:43'),
(25, 'Dua', 'Dua Garments', '', 'Mateen Centre, Tariq Road,\r\nKarachi.', '0.00', 1, '2017-12-24 15:48:11'),
(26, 'Dsy', 'Daisy Garments', '', 'Dolmen Mall', '0.00', 1, '2017-12-24 16:07:17'),
(27, 'GG', 'Grace Garments', '021-35143028 / 0303-8212911', 'Karim Centre, Saddar,\r\nKarachi', '0.00', 1, '2017-12-24 16:11:28'),
(28, 'NM', 'N.M.Collection', '0335-9259200', 'Mohsin.Shop # M26 Rex Centre.', '0.00', 1, '2018-01-01 15:06:13'),
(30, 'DZ', 'Dr Mazhar (Jeans & Cotton Pent)', '', '', '0.00', 1, '2018-01-07 14:24:32'),
(31, 'DZ', 'Dr Mazhar (Kurti & Jabla)', '', '', '0.00', 1, '2018-01-07 14:25:06'),
(33, 'DZ', 'Dr Mazhar (Tights & Trousers & Skirt)', '', '', '0.00', 1, '2018-01-08 12:24:02'),
(34, 'DZ', 'Dr Mazhar (Shirts, T.Shirts, Tops, Uppers & Sharks)', '', '', '0.00', 1, '2018-01-08 15:46:21'),
(35, 'DZ', 'Dr Mazhar Kids (Shirts, T.Shirts, Tops, Uppers & Sharks)', '', '', '0.00', 1, '2018-01-20 14:55:44'),
(36, 'MNR', 'Munawwar Kurti.', '03133073550', 'Karachi.', '0.00', 1, '2018-01-21 10:53:02'),
(37, 'DZ', 'Dr Mazhar Kids (Kurti, Shalwar Suit, )', '', '', '0.00', 1, '2018-01-24 17:33:49'),
(38, 'DZ', 'Dr Mazhar Kids (Jeans & Cotton Pent)', '', '', '0.00', 1, '2018-01-27 14:01:27'),
(39, 'DZ', 'Dr Mazhar Kids Lott (Jeans ,Cotton Pent, Shirt, T-Shirt, Suit)', '', '', '0.00', 1, '2018-01-27 15:01:27'),
(40, 'Fwg', 'Friends  Wholesale Garments. Maxi', '0322-2907457 / 0313-1267370', 'Shop # 43, 2nd Floor, Mateen Centre,\r\nTariq Road, Karachi.', '0.00', 1, '2018-02-22 16:23:17'),
(41, 'Amg', 'Al-Mehdi Garments', '021-32439049, 32045427 / Mbl : 0300-9243709 ', 'Shop # 61, 2nd Floor, Mottan Daas Market,M.A. Jinnah Road, Karachi.', '0.00', 1, '2018-02-22 17:55:20'),
(42, 'SS', 'Sana Savaira', '03222081548', '', '0.00', 1, '2018-04-03 13:11:42');

-- --------------------------------------------------------

--
-- Table structure for table `supplier_payment`
--

CREATE TABLE `supplier_payment` (
  `id` int(11) NOT NULL,
  `supplier_id` int(11) NOT NULL,
  `datetime_added` datetime NOT NULL,
  `amount` decimal(10,2) NOT NULL,
  `account_id` int(11) NOT NULL,
  `details` text NOT NULL,
  `status` int(1) NOT NULL DEFAULT '1',
  `ts` timestamp NOT NULL DEFAULT CURRENT_TIMESTAMP ON UPDATE CURRENT_TIMESTAMP
) ENGINE=InnoDB DEFAULT CHARSET=latin1;

--
-- Dumping data for table `supplier_payment`
--

INSERT INTO `supplier_payment` (`id`, `supplier_id`, `datetime_added`, `amount`, `account_id`, `details`, `status`, `ts`) VALUES
(1, 12, '2017-10-16 18:00:00', '40000.00', 4, 'Chq Against Cash From MSG.', 1, '2018-01-24 17:04:22'),
(2, 12, '2017-10-20 18:43:00', '2000.00', 4, 'Cash', 1, '2018-01-24 17:04:05'),
(3, 12, '2017-11-04 19:44:00', '5100.00', 4, 'Cash', 1, '2018-01-24 17:01:15'),
(4, 13, '2017-10-23 18:40:00', '50000.00', 4, 'Online From Kashif', 1, '2018-01-24 17:03:52'),
(5, 13, '2017-11-04 19:15:00', '3000.00', 4, 'Paid Cash', 1, '2018-01-24 17:01:53'),
(6, 13, '2017-11-18 20:16:00', '4000.00', 4, 'Paid Cash', 1, '2018-01-24 17:00:21'),
(7, 13, '2017-12-11 17:17:00', '7000.00', 4, 'Online From Meezan', 1, '2018-01-24 16:58:22'),
(8, 15, '2017-10-27 19:17:00', '7500.00', 4, 'Cash', 1, '2018-01-24 17:02:39'),
(9, 15, '2017-11-04 19:18:00', '26450.00', 4, 'Cash', 1, '2018-01-24 17:01:37'),
(10, 16, '2017-10-27 20:56:00', '77000.00', 4, 'Cash', 1, '2018-01-24 17:02:28'),
(11, 16, '2017-11-04 20:57:00', '3500.00', 4, 'Cash', 1, '2018-01-24 17:01:03'),
(12, 17, '2017-11-25 17:17:00', '9960.00', 4, 'Cash', 1, '2018-01-24 16:59:22'),
(13, 18, '2017-12-08 12:00:00', '15000.00', 4, 'Online Bank Al-Habib', 1, '2018-01-24 16:58:56'),
(14, 18, '2017-12-11 17:01:00', '13500.00', 4, 'Online Meezan Bank', 1, '2018-01-24 16:58:36'),
(15, 19, '2017-10-27 18:22:00', '30900.00', 4, 'Cash', 1, '2018-01-24 17:02:51'),
(16, 20, '2017-12-18 18:28:00', '11000.00', 4, 'Cash', 1, '2018-01-24 16:57:29'),
(17, 19, '2017-11-09 16:08:00', '30000.00', 4, 'Online Bank Al Habib', 1, '2018-01-24 17:00:41'),
(18, 19, '2017-11-22 16:10:00', '25000.00', 4, 'Online Meezan Bank', 1, '2018-01-24 17:00:10'),
(19, 19, '2017-12-05 16:10:00', '20000.00', 4, 'Online Bank Al Habib', 1, '2018-01-24 16:59:11'),
(20, 21, '2017-10-28 16:57:00', '34700.00', 4, 'Paid Cash', 1, '2018-01-24 17:02:12'),
(21, 19, '2017-11-24 21:22:00', '15000.00', 4, 'Paid Cash', 1, '2018-01-24 16:59:46'),
(22, 24, '2017-10-26 20:21:00', '9200.00', 4, 'Paid Cash', 1, '2018-01-24 17:03:33'),
(23, 25, '2017-10-26 21:03:00', '15500.00', 4, 'Paid Cash', 1, '2018-01-24 17:03:18'),
(24, 26, '2017-10-26 21:08:00', '1300.00', 4, 'Paid Cash', 1, '2018-01-24 17:03:03'),
(25, 27, '2017-11-24 21:14:00', '6300.00', 4, 'Paid Cash', 1, '2018-01-24 16:59:58'),
(26, 13, '2017-12-16 16:30:00', '11000.00', 4, 'Paid Cash', 1, '2018-01-24 16:57:42'),
(27, 28, '2018-01-04 18:15:00', '9800.00', 4, 'Paid Cash. 9800/=\r\nPaid Chq.  10000/=', 1, '2018-01-24 16:51:39'),
(28, 28, '2018-01-15 18:18:00', '900.00', 4, 'Paid Cash', 1, '2018-01-24 16:23:32'),
(29, 36, '2018-01-20 16:06:00', '1200.00', 4, 'Paid Cash', 1, '2018-01-24 16:23:22'),
(30, 14, '2018-01-21 16:55:00', '10000.00', 4, 'W/D Cash From (HMB. Hyd.) Rs= 20000/=.\r\nPaid 10000/= in A/c of Heebas Fashion.\r\nPaid 10000/= in A/c Of Dr. Mazhar.', 1, '2018-01-24 16:23:10'),
(31, 13, '2018-01-15 17:00:00', '15000.00', 7, 'From HMB. Hyd.', 1, '2018-01-24 16:50:48'),
(32, 15, '2018-01-21 17:02:00', '20000.00', 7, 'From HMB. Hyd', 1, '2018-01-24 16:12:16'),
(33, 28, '2018-01-04 21:52:00', '10000.00', 8, 'Paid Chq.  10000/=', 1, '2018-01-24 16:57:17'),
(37, 36, '2018-02-12 20:55:00', '2420.00', 4, '', 1, '2018-02-12 15:56:01'),
(38, 36, '2018-01-25 17:38:00', '2000.00', 4, '', 1, '2018-02-14 12:39:22'),
(39, 36, '2018-01-30 17:39:00', '2000.00', 4, '', 1, '2018-02-14 12:39:55'),
(40, 36, '2018-02-05 17:40:00', '2000.00', 4, '', 1, '2018-02-14 12:41:56'),
(41, 14, '2018-02-14 17:59:32', '10000.00', 4, 'Online Faisal Bank', 1, '2018-02-14 12:59:32'),
(42, 36, '2018-02-27 23:26:40', '1000.00', 4, '', 1, '2018-02-27 18:26:40'),
(43, 36, '2018-02-26 16:37:00', '2500.00', 4, '', 1, '2018-02-28 11:38:13'),
(45, 36, '2018-03-06 18:46:00', '2000.00', 4, '', 1, '2018-03-07 13:47:08'),
(46, 16, '2018-03-07 18:47:00', '30000.00', 7, '', 1, '2018-03-07 13:48:16'),
(47, 42, '2018-04-05 19:05:00', '7500.00', 4, 'Payment For 10. Lawn Emb Suits.', 1, '2018-04-18 14:06:55'),
(48, 12, '2018-01-30 17:54:00', '30000.00', 4, 'Against Chq Return', 1, '2018-04-21 12:57:03');

-- --------------------------------------------------------

--
-- Table structure for table `transaction`
--

CREATE TABLE `transaction` (
  `id` int(11) NOT NULL,
  `account_id` int(11) NOT NULL,
  `reference_id` int(11) NOT NULL DEFAULT '0' COMMENT '0:Debit;1:Credit',
  `datetime_added` datetime NOT NULL,
  `amount` decimal(10,2) NOT NULL,
  `details` text NOT NULL,
  `status` int(1) NOT NULL DEFAULT '1',
  `ts` timestamp NOT NULL DEFAULT CURRENT_TIMESTAMP ON UPDATE CURRENT_TIMESTAMP
) ENGINE=InnoDB DEFAULT CHARSET=latin1;

-- --------------------------------------------------------

--
-- Table structure for table `uploads`
--

CREATE TABLE `uploads` (
  `id` int(11) NOT NULL,
  `filename` varchar(200) NOT NULL,
  `filelocation` varchar(200) NOT NULL
) ENGINE=MyISAM DEFAULT CHARSET=utf8;

--
-- Dumping data for table `uploads`
--

INSERT INTO `uploads` (`id`, `filename`, `filelocation`) VALUES
(9, 'test', 'test.png');

--
-- Indexes for dumped tables
--

--
-- Indexes for table `account`
--
ALTER TABLE `account`
  ADD PRIMARY KEY (`id`);

--
-- Indexes for table `admin`
--
ALTER TABLE `admin`
  ADD PRIMARY KEY (`id`);

--
-- Indexes for table `admin_type`
--
ALTER TABLE `admin_type`
  ADD PRIMARY KEY (`id`);

--
-- Indexes for table `closing_activity`
--
ALTER TABLE `closing_activity`
  ADD PRIMARY KEY (`id`);

--
-- Indexes for table `color`
--
ALTER TABLE `color`
  ADD PRIMARY KEY (`id`);

--
-- Indexes for table `colors`
--
ALTER TABLE `colors`
  ADD PRIMARY KEY (`id`);

--
-- Indexes for table `config_type`
--
ALTER TABLE `config_type`
  ADD PRIMARY KEY (`id`);

--
-- Indexes for table `config_variable`
--
ALTER TABLE `config_variable`
  ADD PRIMARY KEY (`id`);

--
-- Indexes for table `customer`
--
ALTER TABLE `customer`
  ADD PRIMARY KEY (`id`);

--
-- Indexes for table `customer_payment`
--
ALTER TABLE `customer_payment`
  ADD PRIMARY KEY (`id`);

--
-- Indexes for table `expense`
--
ALTER TABLE `expense`
  ADD PRIMARY KEY (`id`);

--
-- Indexes for table `expense_category`
--
ALTER TABLE `expense_category`
  ADD PRIMARY KEY (`id`);

--
-- Indexes for table `items`
--
ALTER TABLE `items`
  ADD PRIMARY KEY (`id`);

--
-- Indexes for table `items_attributes`
--
ALTER TABLE `items_attributes`
  ADD PRIMARY KEY (`id`),
  ADD KEY `item_id` (`item_id`);

--
-- Indexes for table `items_variations`
--
ALTER TABLE `items_variations`
  ADD PRIMARY KEY (`id`),
  ADD KEY `item_id` (`item_id`);

--
-- Indexes for table `items_variations_attributes`
--
ALTER TABLE `items_variations_attributes`
  ADD PRIMARY KEY (`value`,`items_variations_id`,`items_attributes_id`) USING BTREE;

--
-- Indexes for table `item_category`
--
ALTER TABLE `item_category`
  ADD PRIMARY KEY (`id`);

--
-- Indexes for table `item_group`
--
ALTER TABLE `item_group`
  ADD PRIMARY KEY (`id`),
  ADD KEY `group_item_id` (`group_item_id`),
  ADD KEY `item_id` (`item_id`);

--
-- Indexes for table `menu`
--
ALTER TABLE `menu`
  ADD PRIMARY KEY (`id`);

--
-- Indexes for table `menu_2_admin_type`
--
ALTER TABLE `menu_2_admin_type`
  ADD PRIMARY KEY (`menu_id`,`admin_type_id`);

--
-- Indexes for table `purchase`
--
ALTER TABLE `purchase`
  ADD PRIMARY KEY (`id`);

--
-- Indexes for table `purchase_items`
--
ALTER TABLE `purchase_items`
  ADD PRIMARY KEY (`id`);

--
-- Indexes for table `purchase_return`
--
ALTER TABLE `purchase_return`
  ADD PRIMARY KEY (`id`);

--
-- Indexes for table `purchase_return_items`
--
ALTER TABLE `purchase_return_items`
  ADD PRIMARY KEY (`id`);

--
-- Indexes for table `sales`
--
ALTER TABLE `sales`
  ADD PRIMARY KEY (`id`);

--
-- Indexes for table `sales_items`
--
ALTER TABLE `sales_items`
  ADD PRIMARY KEY (`id`);

--
-- Indexes for table `sales_return`
--
ALTER TABLE `sales_return`
  ADD PRIMARY KEY (`id`);

--
-- Indexes for table `sales_return_items`
--
ALTER TABLE `sales_return_items`
  ADD PRIMARY KEY (`id`);

--
-- Indexes for table `size`
--
ALTER TABLE `size`
  ADD PRIMARY KEY (`id`);

--
-- Indexes for table `supplier`
--
ALTER TABLE `supplier`
  ADD PRIMARY KEY (`id`);

--
-- Indexes for table `supplier_payment`
--
ALTER TABLE `supplier_payment`
  ADD PRIMARY KEY (`id`);

--
-- Indexes for table `transaction`
--
ALTER TABLE `transaction`
  ADD PRIMARY KEY (`id`);

--
-- Indexes for table `uploads`
--
ALTER TABLE `uploads`
  ADD PRIMARY KEY (`id`);

--
-- AUTO_INCREMENT for dumped tables
--

--
-- AUTO_INCREMENT for table `account`
--
ALTER TABLE `account`
  MODIFY `id` int(11) NOT NULL AUTO_INCREMENT, AUTO_INCREMENT=9;

--
-- AUTO_INCREMENT for table `admin`
--
ALTER TABLE `admin`
  MODIFY `id` int(11) NOT NULL AUTO_INCREMENT, AUTO_INCREMENT=15;

--
-- AUTO_INCREMENT for table `admin_type`
--
ALTER TABLE `admin_type`
  MODIFY `id` int(11) NOT NULL AUTO_INCREMENT, AUTO_INCREMENT=4;

--
-- AUTO_INCREMENT for table `closing_activity`
--
ALTER TABLE `closing_activity`
  MODIFY `id` int(11) NOT NULL AUTO_INCREMENT, AUTO_INCREMENT=43;

--
-- AUTO_INCREMENT for table `color`
--
ALTER TABLE `color`
  MODIFY `id` int(11) NOT NULL AUTO_INCREMENT, AUTO_INCREMENT=4;

--
-- AUTO_INCREMENT for table `colors`
--
ALTER TABLE `colors`
  MODIFY `id` int(11) NOT NULL AUTO_INCREMENT;

--
-- AUTO_INCREMENT for table `config_type`
--
ALTER TABLE `config_type`
  MODIFY `id` int(11) NOT NULL AUTO_INCREMENT, AUTO_INCREMENT=9;

--
-- AUTO_INCREMENT for table `config_variable`
--
ALTER TABLE `config_variable`
  MODIFY `id` int(11) NOT NULL AUTO_INCREMENT, AUTO_INCREMENT=24;

--
-- AUTO_INCREMENT for table `customer`
--
ALTER TABLE `customer`
  MODIFY `id` int(11) NOT NULL AUTO_INCREMENT, AUTO_INCREMENT=33;

--
-- AUTO_INCREMENT for table `customer_payment`
--
ALTER TABLE `customer_payment`
  MODIFY `id` int(11) NOT NULL AUTO_INCREMENT;

--
-- AUTO_INCREMENT for table `expense`
--
ALTER TABLE `expense`
  MODIFY `id` int(11) NOT NULL AUTO_INCREMENT, AUTO_INCREMENT=276;

--
-- AUTO_INCREMENT for table `expense_category`
--
ALTER TABLE `expense_category`
  MODIFY `id` int(11) NOT NULL AUTO_INCREMENT, AUTO_INCREMENT=17;

--
-- AUTO_INCREMENT for table `items`
--
ALTER TABLE `items`
  MODIFY `id` int(11) NOT NULL AUTO_INCREMENT, AUTO_INCREMENT=210;

--
-- AUTO_INCREMENT for table `items_attributes`
--
ALTER TABLE `items_attributes`
  MODIFY `id` int(11) NOT NULL AUTO_INCREMENT, AUTO_INCREMENT=212;

--
-- AUTO_INCREMENT for table `items_variations`
--
ALTER TABLE `items_variations`
  MODIFY `id` int(11) NOT NULL AUTO_INCREMENT, AUTO_INCREMENT=892;

--
-- AUTO_INCREMENT for table `item_category`
--
ALTER TABLE `item_category`
  MODIFY `id` int(11) NOT NULL AUTO_INCREMENT, AUTO_INCREMENT=39;

--
-- AUTO_INCREMENT for table `item_group`
--
ALTER TABLE `item_group`
  MODIFY `id` int(11) NOT NULL AUTO_INCREMENT;

--
-- AUTO_INCREMENT for table `menu`
--
ALTER TABLE `menu`
  MODIFY `id` int(11) NOT NULL AUTO_INCREMENT, AUTO_INCREMENT=42;

--
-- AUTO_INCREMENT for table `purchase`
--
ALTER TABLE `purchase`
  MODIFY `id` int(11) NOT NULL AUTO_INCREMENT, AUTO_INCREMENT=51;

--
-- AUTO_INCREMENT for table `purchase_items`
--
ALTER TABLE `purchase_items`
  MODIFY `id` int(11) NOT NULL AUTO_INCREMENT, AUTO_INCREMENT=380;

--
-- AUTO_INCREMENT for table `purchase_return`
--
ALTER TABLE `purchase_return`
  MODIFY `id` int(11) NOT NULL AUTO_INCREMENT, AUTO_INCREMENT=5;

--
-- AUTO_INCREMENT for table `purchase_return_items`
--
ALTER TABLE `purchase_return_items`
  MODIFY `id` int(11) NOT NULL AUTO_INCREMENT, AUTO_INCREMENT=69;

--
-- AUTO_INCREMENT for table `sales`
--
ALTER TABLE `sales`
  MODIFY `id` int(11) NOT NULL AUTO_INCREMENT, AUTO_INCREMENT=279;

--
-- AUTO_INCREMENT for table `sales_items`
--
ALTER TABLE `sales_items`
  MODIFY `id` int(11) NOT NULL AUTO_INCREMENT, AUTO_INCREMENT=586;

--
-- AUTO_INCREMENT for table `sales_return`
--
ALTER TABLE `sales_return`
  MODIFY `id` int(11) NOT NULL AUTO_INCREMENT, AUTO_INCREMENT=7;

--
-- AUTO_INCREMENT for table `sales_return_items`
--
ALTER TABLE `sales_return_items`
  MODIFY `id` int(11) NOT NULL AUTO_INCREMENT, AUTO_INCREMENT=7;

--
-- AUTO_INCREMENT for table `size`
--
ALTER TABLE `size`
  MODIFY `id` int(11) NOT NULL AUTO_INCREMENT, AUTO_INCREMENT=4;

--
-- AUTO_INCREMENT for table `supplier`
--
ALTER TABLE `supplier`
  MODIFY `id` int(11) NOT NULL AUTO_INCREMENT, AUTO_INCREMENT=43;

--
-- AUTO_INCREMENT for table `supplier_payment`
--
ALTER TABLE `supplier_payment`
  MODIFY `id` int(11) NOT NULL AUTO_INCREMENT, AUTO_INCREMENT=49;

--
-- AUTO_INCREMENT for table `transaction`
--
ALTER TABLE `transaction`
  MODIFY `id` int(11) NOT NULL AUTO_INCREMENT;

--
-- AUTO_INCREMENT for table `uploads`
--
ALTER TABLE `uploads`
  MODIFY `id` int(11) NOT NULL AUTO_INCREMENT, AUTO_INCREMENT=10;
COMMIT;

/*!40101 SET CHARACTER_SET_CLIENT=@OLD_CHARACTER_SET_CLIENT */;
/*!40101 SET CHARACTER_SET_RESULTS=@OLD_CHARACTER_SET_RESULTS */;
/*!40101 SET COLLATION_CONNECTION=@OLD_COLLATION_CONNECTION */;
