-- phpMyAdmin SQL Dump
-- version 5.2.0
-- https://www.phpmyadmin.net/
--
-- Host: localhost:3306
-- Generation Time: Sep 14, 2022 at 11:29 AM
-- Server version: 8.0.29
-- PHP Version: 8.1.6

SET SQL_MODE = "NO_AUTO_VALUE_ON_ZERO";
START TRANSACTION;
SET time_zone = "+00:00";


/*!40101 SET @OLD_CHARACTER_SET_CLIENT=@@CHARACTER_SET_CLIENT */;
/*!40101 SET @OLD_CHARACTER_SET_RESULTS=@@CHARACTER_SET_RESULTS */;
/*!40101 SET @OLD_COLLATION_CONNECTION=@@COLLATION_CONNECTION */;
/*!40101 SET NAMES utf8mb4 */;

--
-- Database: `bilaltraders`
--

-- --------------------------------------------------------

--
-- Table structure for table `account`
--

CREATE TABLE `account` (
  `id` int NOT NULL,
  `title` varchar(50) NOT NULL,
  `type` int NOT NULL,
  `description` text NOT NULL,
  `balance` decimal(10,2) NOT NULL,
  `is_petty_cash` int NOT NULL DEFAULT '0',
  `status` int NOT NULL DEFAULT '1',
  `ts` timestamp NOT NULL DEFAULT CURRENT_TIMESTAMP ON UPDATE CURRENT_TIMESTAMP
) ENGINE=InnoDB DEFAULT CHARSET=latin1;

--
-- Dumping data for table `account`
--

INSERT INTO `account` (`id`, `title`, `type`, `description`, `balance`, `is_petty_cash`, `status`, `ts`) VALUES
(4, 'Cash in Hands', 0, '', '501810.00', 1, 1, '2018-02-12 13:50:08'),
(5, 'Muhammad Imran', 0, '', '0.00', 0, 1, '2018-01-24 15:55:39'),
(6, 'Dr. Mazhar', 0, '', '0.00', 0, 1, '2018-01-24 15:57:45'),
(7, 'HMB. Hyd', 0, '', '35000.00', 0, 1, '2018-02-12 13:51:18'),
(8, 'HMB. Khi', 0, '', '10000.00', 0, 1, '2018-02-12 13:51:28');

-- --------------------------------------------------------

--
-- Table structure for table `admin`
--

CREATE TABLE `admin` (
  `id` int NOT NULL,
  `admin_type_id` int NOT NULL,
  `username` varchar(200) NOT NULL,
  `email` varchar(200) NOT NULL,
  `name` varchar(200) NOT NULL,
  `password` varchar(1000) NOT NULL,
  `status` int NOT NULL DEFAULT '1'
) ENGINE=MyISAM DEFAULT CHARSET=utf8mb3;

--
-- Dumping data for table `admin`
--

INSERT INTO `admin` (`id`, `admin_type_id`, `username`, `email`, `name`, `password`, `status`) VALUES
(1, 1, 'admin', 'mimran0900@gmail.com', 'admin', '21232f297a57a5a743894a0e4a801fc3', 1);

-- --------------------------------------------------------

--
-- Table structure for table `admin_type`
--

CREATE TABLE `admin_type` (
  `id` int NOT NULL,
  `title` varchar(200) NOT NULL,
  `can_add` int NOT NULL DEFAULT '0',
  `can_edit` int NOT NULL DEFAULT '0',
  `can_delete` int NOT NULL DEFAULT '0',
  `can_read` int NOT NULL DEFAULT '0',
  `status` int NOT NULL DEFAULT '1',
  `ts` timestamp NULL DEFAULT CURRENT_TIMESTAMP ON UPDATE CURRENT_TIMESTAMP
) ENGINE=InnoDB DEFAULT CHARSET=utf8mb4 COLLATE=utf8mb4_0900_ai_ci;

--
-- Dumping data for table `admin_type`
--

INSERT INTO `admin_type` (`id`, `title`, `can_add`, `can_edit`, `can_delete`, `can_read`, `status`, `ts`) VALUES
(1, 'Administrator', 1, 1, 1, 1, 1, '2017-02-27 12:10:38'),
(3, 'Computer Operator', 1, 1, 0, 1, 1, '2017-03-21 14:13:24');

-- --------------------------------------------------------

--
-- Table structure for table `closing_activity`
--

CREATE TABLE `closing_activity` (
  `id` int NOT NULL,
  `datetime` datetime NOT NULL,
  `added_by` int NOT NULL
) ENGINE=InnoDB DEFAULT CHARSET=latin1;

--
-- Dumping data for table `closing_activity`
--

INSERT INTO `closing_activity` (`id`, `datetime`, `added_by`) VALUES
(1, '2018-02-14 14:09:47', 1),
(2, '2018-02-14 22:58:47', 1),
(3, '2018-02-15 23:45:12', 1),
(4, '2018-02-22 23:34:57', 1),
(5, '2018-02-24 23:19:07', 1),
(6, '2018-02-25 23:16:03', 1),
(7, '2018-02-27 23:26:58', 1),
(8, '2018-03-05 22:29:37', 1),
(9, '2018-03-05 23:18:44', 1),
(10, '2018-03-07 18:49:27', 1),
(11, '2018-03-07 23:14:46', 1),
(12, '2018-03-08 23:12:58', 1),
(13, '2018-03-10 23:23:46', 1),
(14, '2018-03-11 23:16:33', 1),
(15, '2018-03-13 18:16:53', 1),
(16, '2018-03-13 23:19:01', 1),
(17, '2018-03-14 23:09:29', 1),
(18, '2018-03-15 22:18:59', 1),
(19, '2018-03-18 22:31:07', 1),
(20, '2018-03-18 23:05:29', 1),
(21, '2018-03-20 17:13:22', 1),
(22, '2018-03-20 23:22:09', 1),
(23, '2018-03-22 21:53:06', 1),
(24, '2018-03-22 22:42:46', 1),
(25, '2018-03-27 18:54:59', 1),
(26, '2018-03-27 23:17:09', 1),
(27, '2018-03-28 23:17:08', 1),
(28, '2018-03-29 23:06:53', 1),
(29, '2018-04-01 16:30:36', 1),
(30, '2018-04-03 16:06:02', 1),
(31, '2018-04-03 23:15:58', 1),
(32, '2018-04-05 16:06:35', 1),
(33, '2018-04-05 23:24:59', 1),
(34, '2018-04-08 20:58:43', 1),
(35, '2018-04-08 23:18:32', 1),
(36, '2018-04-12 17:25:28', 1),
(37, '2018-04-12 23:16:53', 1),
(38, '2018-04-15 23:15:27', 1),
(39, '2018-04-16 23:23:07', 1),
(40, '2018-04-17 23:19:00', 1),
(41, '2018-04-18 23:14:07', 1),
(42, '2018-04-21 14:20:02', 1);

-- --------------------------------------------------------

--
-- Table structure for table `color`
--

CREATE TABLE `color` (
  `id` int NOT NULL,
  `title` varchar(50) NOT NULL,
  `sortorder` int NOT NULL,
  `ts` timestamp NOT NULL DEFAULT CURRENT_TIMESTAMP ON UPDATE CURRENT_TIMESTAMP
) ENGINE=InnoDB DEFAULT CHARSET=latin1;

--
-- Dumping data for table `color`
--

INSERT INTO `color` (`id`, `title`, `sortorder`, `ts`) VALUES
(1, 'Red', 1, '2017-11-23 15:25:38'),
(2, 'Black', 2, '2017-11-23 15:25:48'),
(3, 'Yellow', 3, '2017-12-06 12:56:31');

-- --------------------------------------------------------

--
-- Table structure for table `colors`
--

CREATE TABLE `colors` (
  `id` int NOT NULL,
  `title` varchar(50) NOT NULL,
  `sortorder` int NOT NULL,
  `ts` timestamp NOT NULL DEFAULT CURRENT_TIMESTAMP ON UPDATE CURRENT_TIMESTAMP
) ENGINE=InnoDB DEFAULT CHARSET=latin1;

-- --------------------------------------------------------

--
-- Table structure for table `config_type`
--

CREATE TABLE `config_type` (
  `id` int NOT NULL,
  `title` varchar(200) NOT NULL,
  `sortorder` int NOT NULL
) ENGINE=MyISAM DEFAULT CHARSET=utf8mb3;

--
-- Dumping data for table `config_type`
--

INSERT INTO `config_type` (`id`, `title`, `sortorder`) VALUES
(1, 'General Settings', 1);

-- --------------------------------------------------------

--
-- Table structure for table `config_variable`
--

CREATE TABLE `config_variable` (
  `id` int NOT NULL,
  `config_type_id` int NOT NULL,
  `title` varchar(512) NOT NULL,
  `notes` varchar(512) NOT NULL,
  `type` varchar(200) NOT NULL,
  `default_values` text NOT NULL,
  `key` varchar(200) NOT NULL,
  `value` text NOT NULL,
  `sortorder` int NOT NULL
) ENGINE=MyISAM DEFAULT CHARSET=utf8mb3;

--
-- Dumping data for table `config_variable`
--

INSERT INTO `config_variable` (`id`, `config_type_id`, `title`, `notes`, `type`, `default_values`, `key`, `value`, `sortorder`) VALUES
(1, 1, 'Site URL', '', 'text', '', 'site_url', 'http://hibasfashion', 2),
(2, 1, 'Site Title', '', 'text', '', 'site_title', 'Bilal Traders', 1),
(3, 1, 'Admin Logo', '', 'file', '', 'admin_logo', '', 4),
(11, 1, 'Thermal Printer Title', 'Enter the thermal printer installed on your pc. You can find it in your control panel settings', 'text', '', 'thermal_printer_title', 'BlackCopper 80mm Series', 6),
(10, 1, 'Currency Symbol', '', 'text', '', 'currency_symbol', 'Rs', 5),
(7, 1, 'Admin Email', 'Main Email Address where all the notifications will be sent.', 'text', '', 'admin_email', 'mimran0900@gmail.com', 3),
(12, 1, 'Thermal Printer Width', 'enter width in mm (e.g. 80)', 'text', '', 'thermal_printer_width', '80', 7),
(13, 1, 'Barcode Printer Title', 'Enter the barcode printer installed on your pc. You can find it in your control panel settings', 'text', '', 'barcode_printer_title', 'Bar Code Printer G210', 8),
(14, 1, 'Barcode Receipt Width', 'enter width in mm (e.g. 32)', 'text', '', 'barcode_printer_width', '34', 9),
(15, 1, 'Barcode Receipt Height', 'enter width in mm (e.g. 24)', 'text', '', 'barcode_printer_height', '24', 10),
(16, 1, 'Login Logo', '', 'file', '', 'login_logo', '', 11),
(20, 1, 'Reciept Logo', '', 'file', '', 'reciept_logo', '', 12),
(22, 1, 'Address Phone', '', 'textarea', '', 'address_phone', 'Address: Shop # 4, Opp:Junaid Jamshaid, Sakhi Wahab Complex, Chandni Saddar Cant, Hyderabad.\r\nPhone:0322-2050746, 022 2784602.', 13),
(23, 1, 'Business Opening Hour', 'When shop/office is opened daily 1-24?', 'text', '', 'opening_hour', '09', 14);

-- --------------------------------------------------------

--
-- Table structure for table `customer`
--

CREATE TABLE `customer` (
  `id` int NOT NULL,
  `customer_code` varchar(50) CHARACTER SET utf8mb4 COLLATE utf8mb4_0900_ai_ci DEFAULT NULL,
  `customer_name` varchar(100) CHARACTER SET latin1 COLLATE latin1_swedish_ci NOT NULL,
  `phone` varchar(50) CHARACTER SET latin1 COLLATE latin1_swedish_ci NOT NULL,
  `address` text CHARACTER SET latin1 COLLATE latin1_swedish_ci NOT NULL,
  `balance` decimal(10,2) NOT NULL,
  `status` int NOT NULL DEFAULT '1',
  `ts` timestamp NOT NULL DEFAULT CURRENT_TIMESTAMP
) ENGINE=InnoDB DEFAULT CHARSET=utf8mb4 COLLATE=utf8mb4_0900_ai_ci;

--
-- Dumping data for table `customer`
--

INSERT INTO `customer` (`id`, `customer_code`, `customer_name`, `phone`, `address`, `balance`, `status`, `ts`) VALUES
(1, NULL, 'Raheel', '1216512415812', 'Latifabad', '20.00', 1, '2022-09-14 10:52:17');

-- --------------------------------------------------------

--
-- Table structure for table `customer_payment`
--

CREATE TABLE `customer_payment` (
  `id` int NOT NULL,
  `customer_id` int NOT NULL,
  `datetime_added` datetime NOT NULL,
  `amount` decimal(10,2) NOT NULL,
  `account_id` int NOT NULL,
  `details` varchar(1000) NOT NULL,
  `status` int NOT NULL DEFAULT '1',
  `ts` timestamp NOT NULL DEFAULT CURRENT_TIMESTAMP ON UPDATE CURRENT_TIMESTAMP
) ENGINE=InnoDB DEFAULT CHARSET=latin1;

-- --------------------------------------------------------

--
-- Table structure for table `expense`
--

CREATE TABLE `expense` (
  `id` int NOT NULL,
  `datetime_added` datetime NOT NULL,
  `expense_category_id` int NOT NULL,
  `account_id` int NOT NULL,
  `details` varchar(1000) NOT NULL,
  `amount` decimal(10,2) NOT NULL,
  `added_by` int NOT NULL,
  `status` int NOT NULL DEFAULT '1',
  `ts` timestamp NOT NULL DEFAULT CURRENT_TIMESTAMP ON UPDATE CURRENT_TIMESTAMP
) ENGINE=InnoDB DEFAULT CHARSET=utf8mb4 COLLATE=utf8mb4_0900_ai_ci;

--
-- Dumping data for table `expense`
--

INSERT INTO `expense` (`id`, `datetime_added`, `expense_category_id`, `account_id`, `details`, `amount`, `added_by`, `status`, `ts`) VALUES
(1, '2018-01-25 14:50:00', 2, 4, '', '160.00', 1, 1, '2018-02-14 09:52:08'),
(2, '2018-01-25 14:51:00', 3, 4, '', '80.00', 1, 1, '2018-02-14 09:51:59'),
(3, '2018-01-25 14:52:00', 12, 4, '', '60.00', 1, 1, '2018-02-14 09:52:57'),
(4, '2018-01-25 14:53:00', 13, 4, '', '50.00', 1, 1, '2018-02-14 09:53:20'),
(5, '2018-02-14 22:57:04', 2, 4, '', '160.00', 1, 1, '2018-02-14 17:57:04'),
(6, '2018-02-14 22:57:25', 3, 4, '', '100.00', 1, 1, '2018-02-14 17:57:25'),
(7, '2018-02-15 23:38:24', 2, 4, '', '180.00', 1, 1, '2018-02-15 18:38:24'),
(8, '2018-02-15 23:38:38', 3, 4, '', '40.00', 1, 1, '2018-02-15 18:38:38'),
(9, '2018-02-15 23:39:13', 3, 4, '', '60.00', 1, 1, '2018-02-15 18:39:13'),
(10, '2018-02-15 23:40:58', 5, 4, '', '1000.00', 1, 1, '2018-02-15 18:40:58'),
(11, '2018-02-22 23:30:41', 2, 4, '', '180.00', 1, 1, '2018-02-22 18:30:41'),
(12, '2018-02-22 23:30:54', 3, 4, '', '120.00', 1, 1, '2018-02-22 18:30:54'),
(13, '2018-02-22 23:31:28', 12, 4, '', '20.00', 1, 1, '2018-02-22 18:31:28'),
(14, '2018-02-22 23:32:00', 6, 4, 'Al-Mehdi Garments', '410.00', 1, 1, '2018-02-22 18:32:00'),
(15, '2018-02-22 23:32:44', 14, 4, 'Bilal', '100.00', 1, 1, '2018-02-22 18:32:44'),
(16, '2018-02-24 23:13:14', 2, 4, '', '170.00', 1, 1, '2018-02-24 18:13:14'),
(17, '2018-02-24 23:13:25', 3, 4, '', '100.00', 1, 1, '2018-02-24 18:13:25'),
(18, '2018-02-24 23:13:44', 7, 4, 'zong', '1500.00', 1, 1, '2018-02-24 18:13:44'),
(19, '2018-02-24 23:14:15', 4, 4, '', '100.00', 1, 1, '2018-02-24 18:14:15'),
(20, '2018-02-25 23:13:25', 2, 4, '', '260.00', 1, 1, '2018-02-25 18:13:25'),
(21, '2018-02-25 23:13:38', 3, 4, '', '100.00', 1, 1, '2018-02-25 18:13:38'),
(22, '2018-02-25 23:14:21', 13, 4, '', '100.00', 1, 1, '2018-02-25 18:14:21'),
(23, '2018-02-26 16:39:00', 2, 4, '', '150.00', 1, 1, '2018-02-28 11:41:10'),
(24, '2018-02-26 16:41:00', 3, 4, '', '80.00', 1, 1, '2018-02-28 11:41:37'),
(25, '2018-02-27 16:41:00', 2, 4, '', '170.00', 1, 1, '2018-02-28 11:42:21'),
(26, '2018-02-27 16:42:00', 3, 4, '', '100.00', 1, 1, '2018-02-28 11:42:43'),
(27, '2018-02-27 16:42:00', 13, 4, '', '20.00', 1, 1, '2018-02-28 11:43:07'),
(29, '2018-02-28 22:38:00', 2, 4, '', '110.00', 1, 1, '2018-03-06 17:40:43'),
(30, '2018-02-28 22:42:00', 3, 4, '', '140.00', 1, 1, '2018-03-06 17:42:59'),
(31, '2018-02-28 22:43:00', 13, 4, '', '40.00', 1, 1, '2018-03-06 17:44:11'),
(32, '2018-03-01 22:44:00', 2, 4, '', '90.00', 1, 1, '2018-03-06 17:44:40'),
(33, '2018-03-01 22:44:00', 3, 4, '', '80.00', 1, 1, '2018-03-06 17:45:02'),
(34, '2018-03-03 22:45:00', 2, 4, '', '110.00', 1, 1, '2018-03-06 17:45:37'),
(35, '2018-03-03 22:45:00', 3, 4, '', '80.00', 1, 1, '2018-03-06 17:47:58'),
(36, '2018-03-04 22:48:00', 2, 4, '', '90.00', 1, 1, '2018-03-06 17:48:50'),
(37, '2018-03-04 22:48:00', 3, 4, '', '80.00', 1, 1, '2018-03-06 17:49:11'),
(38, '2018-03-05 22:49:00', 2, 4, '', '130.00', 1, 1, '2018-03-06 17:49:45'),
(39, '2018-03-05 22:49:00', 3, 4, '', '120.00', 1, 1, '2018-03-07 13:40:58'),
(40, '2018-03-05 22:50:00', 14, 4, 'Bilal Weakly.', '100.00', 1, 1, '2018-03-06 17:50:57'),
(41, '2018-02-28 22:55:00', 1, 4, 'SS Bracket. 2. Pcs, 12\".', '300.00', 1, 1, '2018-03-06 17:56:46'),
(42, '2018-03-06 18:42:00', 2, 4, '', '200.00', 1, 1, '2018-03-07 13:42:29'),
(43, '2018-03-06 18:42:00', 3, 4, '', '100.00', 1, 1, '2018-03-07 13:43:07'),
(44, '2018-03-06 18:43:00', 4, 4, '', '100.00', 1, 1, '2018-03-07 13:43:34'),
(45, '2018-03-06 18:43:00', 11, 4, 'Chowkidaar Salary', '400.00', 1, 1, '2018-03-07 13:44:14'),
(46, '2018-03-07 23:10:48', 2, 4, '', '200.00', 1, 1, '2018-03-07 18:10:48'),
(47, '2018-03-07 23:11:03', 3, 4, '', '110.00', 1, 1, '2018-03-07 18:11:03'),
(48, '2018-03-07 23:11:42', 13, 4, '', '20.00', 1, 1, '2018-03-07 18:11:42'),
(49, '2018-03-10 23:07:06', 7, 4, 'warid', '1000.00', 1, 1, '2018-03-10 18:07:06'),
(50, '2018-03-10 23:07:20', 2, 4, '', '150.00', 1, 1, '2018-03-10 18:07:20'),
(51, '2018-03-10 23:07:32', 3, 4, '', '140.00', 1, 1, '2018-03-10 18:07:32'),
(52, '2018-03-10 23:07:44', 13, 4, '', '40.00', 1, 1, '2018-03-10 18:07:44'),
(53, '2018-03-10 23:08:11', 1, 4, 'ice', '20.00', 1, 1, '2018-03-10 18:08:11'),
(54, '2018-03-10 23:08:46', 4, 4, '', '100.00', 1, 1, '2018-03-10 18:08:46'),
(55, '2018-03-08 23:18:00', 1, 4, 'Shop Board Charges', '1000.00', 1, 1, '2018-03-10 18:18:35'),
(56, '2018-03-08 23:18:00', 2, 4, '', '80.00', 1, 1, '2018-03-10 18:18:54'),
(57, '2018-03-08 23:19:00', 3, 4, '', '100.00', 1, 1, '2018-03-10 18:19:15'),
(58, '2018-03-08 23:19:00', 1, 4, 'Capacitor, B.Cell & Plug', '180.00', 1, 1, '2018-03-10 18:20:32'),
(59, '2018-03-08 23:20:00', 14, 4, 'Bilal Weakly', '100.00', 1, 1, '2018-03-10 18:21:00'),
(60, '2018-03-08 23:21:00', 11, 4, 'Bilal Salary', '10000.00', 1, 1, '2018-03-10 18:21:44'),
(61, '2018-03-10 23:21:00', 11, 4, 'Zafar Salary', '3000.00', 1, 1, '2018-03-10 18:22:05'),
(62, '2018-03-11 23:13:31', 2, 4, '', '200.00', 1, 1, '2018-03-11 18:13:31'),
(63, '2018-03-11 23:13:41', 3, 4, '', '80.00', 1, 1, '2018-03-11 18:13:41'),
(64, '2018-03-11 23:13:50', 13, 4, '', '20.00', 1, 1, '2018-03-11 18:13:50'),
(65, '2018-03-11 23:14:06', 1, 4, 'ice', '10.00', 1, 1, '2018-03-11 18:14:06'),
(66, '2018-03-11 23:14:37', 1, 4, 'self exp', '1000.00', 1, 1, '2018-03-11 18:14:37'),
(67, '2018-03-12 22:07:26', 2, 4, '', '170.00', 1, 1, '2018-03-12 17:07:26'),
(68, '2018-03-12 22:08:00', 1, 4, 'Ice', '10.00', 1, 1, '2018-03-12 17:08:00'),
(69, '2018-03-12 22:09:17', 1, 4, 'Tag Gun Needle, Surf, Cloth Ect.', '300.00', 1, 1, '2018-03-12 17:09:17'),
(70, '2018-03-13 20:50:10', 8, 4, 'Telephone Bill Installment', '5000.00', 1, 1, '2018-03-13 15:50:10'),
(71, '2018-03-13 20:50:35', 2, 4, '', '160.00', 1, 1, '2018-03-13 15:50:35'),
(72, '2018-03-12 20:54:00', 3, 4, '', '100.00', 1, 1, '2018-03-13 15:54:34'),
(73, '2018-03-13 23:17:08', 3, 4, '', '80.00', 1, 1, '2018-03-13 18:17:08'),
(74, '2018-03-14 23:08:55', 2, 4, '', '160.00', 1, 1, '2018-03-14 18:08:55'),
(75, '2018-03-14 23:09:08', 3, 4, '', '100.00', 1, 1, '2018-03-14 18:09:08'),
(76, '2018-03-14 23:09:18', 4, 4, '', '100.00', 1, 1, '2018-03-14 18:09:18'),
(77, '2018-03-15 22:04:35', 2, 4, '', '200.00', 1, 1, '2018-03-15 17:04:35'),
(78, '2018-03-15 22:04:55', 13, 4, '', '50.00', 1, 1, '2018-03-15 17:04:55'),
(79, '2018-03-15 22:07:24', 3, 4, '', '40.00', 1, 1, '2018-03-15 17:07:24'),
(80, '2018-03-15 22:07:54', 12, 4, '', '120.00', 1, 1, '2018-03-15 17:07:54'),
(81, '2018-03-18 22:47:00', 2, 4, '', '110.00', 1, 1, '2018-03-18 17:49:21'),
(82, '2018-03-18 22:47:27', 3, 4, '', '40.00', 1, 1, '2018-03-18 17:47:27'),
(83, '2018-03-18 22:47:58', 1, 4, 'Dori', '40.00', 1, 1, '2018-03-18 17:47:58'),
(84, '2018-03-17 22:49:00', 2, 4, '', '90.00', 1, 1, '2018-03-18 17:49:46'),
(85, '2018-03-17 22:49:00', 3, 4, '', '40.00', 1, 1, '2018-03-18 17:50:10'),
(86, '2018-03-17 22:50:00', 1, 0, 'Refreshment', '40.00', 1, 1, '2018-03-18 17:50:46'),
(87, '2018-03-19 22:31:00', 2, 4, '', '150.00', 1, 1, '2018-03-20 17:31:42'),
(88, '2018-03-19 22:31:00', 3, 4, '', '80.00', 1, 1, '2018-03-20 17:32:06'),
(89, '2018-03-19 22:32:00', 1, 4, '', '60.00', 1, 1, '2018-03-20 17:32:33'),
(90, '2018-03-20 22:33:03', 2, 4, '', '170.00', 1, 1, '2018-03-20 17:33:03'),
(91, '2018-03-20 22:33:14', 3, 4, '', '80.00', 1, 1, '2018-03-20 17:33:14'),
(92, '2018-03-21 21:51:00', 2, 4, '', '180.00', 1, 1, '2018-03-22 17:30:10'),
(93, '2018-03-21 21:51:00', 3, 4, '', '80.00', 1, 1, '2018-03-22 17:29:51'),
(94, '2018-03-21 21:51:00', 1, 4, '', '20.00', 1, 1, '2018-03-22 17:29:32'),
(95, '2018-03-21 21:52:00', 13, 4, '', '20.00', 1, 1, '2018-03-22 17:29:08'),
(96, '2018-03-21 21:52:00', 1, 4, 'M/Cycle Repair', '1750.00', 1, 1, '2018-03-22 17:28:46'),
(97, '2018-03-22 22:04:21', 2, 4, '', '140.00', 1, 1, '2018-03-22 17:04:21'),
(98, '2018-03-22 22:04:32', 3, 4, '', '80.00', 1, 1, '2018-03-22 17:04:32'),
(99, '2018-03-22 22:04:44', 4, 4, '', '100.00', 1, 1, '2018-03-22 17:04:44'),
(100, '2018-03-22 22:05:23', 12, 4, 'Water & Ice Weakly', '100.00', 1, 1, '2018-03-22 17:05:23'),
(101, '2018-03-22 22:05:33', 13, 4, '', '30.00', 1, 1, '2018-03-22 17:05:33'),
(102, '2018-03-22 22:31:38', 14, 4, 'Bilal Weakly x2', '200.00', 1, 1, '2018-03-22 17:31:38'),
(103, '2018-03-24 19:07:00', 2, 4, '', '110.00', 1, 1, '2018-03-27 14:07:17'),
(104, '2018-03-24 19:08:00', 3, 4, '', '40.00', 1, 1, '2018-03-27 14:08:15'),
(105, '2018-03-25 19:08:00', 2, 4, '', '90.00', 1, 1, '2018-03-27 14:08:52'),
(106, '2018-03-25 19:08:00', 3, 4, '', '40.00', 1, 1, '2018-03-27 14:09:21'),
(107, '2018-03-26 19:09:00', 2, 4, '', '90.00', 1, 1, '2018-03-27 14:10:51'),
(108, '2018-03-26 19:10:00', 7, 4, '', '1500.00', 1, 1, '2018-03-27 14:11:25'),
(109, '2018-03-26 19:11:00', 13, 4, 'Masjid Monthly + Khairaat', '110.00', 1, 1, '2018-03-27 14:14:26'),
(110, '2018-03-26 19:14:00', 3, 4, '', '80.00', 1, 1, '2018-03-27 14:15:09'),
(111, '2018-03-27 23:15:50', 2, 4, '', '140.00', 1, 1, '2018-03-27 18:15:50'),
(112, '2018-03-27 23:16:29', 3, 4, '', '80.00', 1, 1, '2018-03-27 18:16:29'),
(113, '2018-03-27 23:16:49', 13, 4, 'Box', '100.00', 1, 1, '2018-03-27 18:16:49'),
(114, '2018-03-28 23:05:00', 2, 4, '', '160.00', 1, 1, '2018-03-28 18:05:46'),
(115, '2018-03-28 23:06:10', 3, 4, '', '40.00', 1, 1, '2018-03-28 18:06:10'),
(116, '2018-03-28 23:06:55', 1, 4, 'UPS Installment', '2000.00', 1, 1, '2018-03-28 18:06:55'),
(117, '2018-03-28 23:08:36', 1, 4, 'P. Coating + B. Cell', '50.00', 1, 1, '2018-03-28 18:08:36'),
(118, '2018-03-27 23:10:00', 1, 4, 'Self Exp + Accomodation + B. Fast + Dinner ', '1500.00', 1, 1, '2018-03-28 18:11:51'),
(119, '2018-03-27 23:12:00', 1, 4, 'M. Cycle Exp', '200.00', 1, 1, '2018-03-28 18:13:14'),
(120, '2018-03-22 23:13:00', 1, 4, 'Self Exp', '500.00', 1, 1, '2018-03-28 18:14:36'),
(121, '2018-03-22 23:14:00', 5, 4, 'Karachi to Hyd Exp', '1500.00', 1, 1, '2018-03-28 18:15:41'),
(122, '2018-03-27 23:16:00', 4, 4, '', '100.00', 1, 1, '2018-03-28 18:16:46'),
(123, '2018-03-29 23:03:26', 2, 4, '', '120.00', 1, 1, '2018-03-29 18:03:26'),
(124, '2018-03-29 23:03:40', 3, 4, '', '40.00', 1, 1, '2018-03-29 18:03:40'),
(125, '2018-03-29 23:03:57', 13, 4, '', '10.00', 1, 1, '2018-03-29 18:03:57'),
(126, '2018-03-29 23:05:10', 1, 4, 'B.Cell', '15.00', 1, 1, '2018-03-29 18:05:10'),
(131, '2018-04-01 23:18:00', 2, 4, '', '150.00', 1, 1, '2018-04-02 18:19:52'),
(132, '2018-04-01 23:19:00', 3, 4, '', '40.00', 1, 1, '2018-04-02 18:21:38'),
(133, '2018-04-03 23:11:15', 2, 4, '', '160.00', 1, 1, '2018-04-03 18:11:15'),
(134, '2018-04-03 23:11:30', 3, 4, '', '60.00', 1, 1, '2018-04-03 18:11:30'),
(135, '2018-04-03 23:11:43', 4, 4, '', '100.00', 1, 1, '2018-04-03 18:11:43'),
(136, '2018-04-03 23:13:41', 6, 4, 'S.S 2nd Parcle (Gown+Dupatta)', '500.00', 1, 1, '2018-04-03 18:13:41'),
(137, '2018-04-08 23:17:01', 2, 4, '', '100.00', 1, 1, '2018-04-08 18:17:01'),
(138, '2018-04-08 23:17:12', 3, 4, '', '60.00', 1, 1, '2018-04-08 18:17:12'),
(139, '2018-04-08 23:17:40', 1, 4, 'Charging Cable', '100.00', 1, 1, '2018-04-08 18:17:40'),
(140, '2018-01-26 22:44:00', 3, 4, '', '80.00', 1, 1, '2018-04-16 17:45:52'),
(141, '2018-01-26 22:46:00', 14, 4, 'Zafar 100/= Bilal 200/=', '300.00', 1, 1, '2018-04-16 17:48:33'),
(142, '2018-01-27 23:05:00', 2, 4, '', '200.00', 1, 1, '2018-04-16 18:06:09'),
(143, '2018-01-27 23:06:00', 3, 4, '', '150.00', 1, 1, '2018-04-16 18:06:33'),
(144, '2018-01-27 23:06:00', 1, 4, 'Extra Exp', '100.00', 1, 1, '2018-04-16 18:07:17'),
(145, '2018-01-27 23:07:00', 1, 4, 'Monthly Masjid', '100.00', 1, 1, '2018-04-16 18:08:10'),
(146, '2018-04-16 23:19:04', 2, 4, '', '80.00', 1, 1, '2018-04-16 18:19:04'),
(147, '2018-04-16 23:19:18', 3, 4, '', '100.00', 1, 1, '2018-04-16 18:19:18'),
(148, '2018-04-16 23:20:11', 1, 4, 'DInner', '100.00', 1, 1, '2018-04-16 18:20:11'),
(149, '2018-04-16 23:20:24', 4, 4, '', '100.00', 1, 1, '2018-04-16 18:20:24'),
(150, '2018-01-28 16:27:00', 2, 4, '', '160.00', 1, 1, '2018-04-17 11:28:54'),
(151, '2018-01-28 16:28:00', 3, 4, '', '80.00', 1, 1, '2018-04-17 11:29:19'),
(152, '2018-01-29 16:30:00', 2, 4, '', '170.00', 1, 1, '2018-04-17 11:31:20'),
(153, '2018-01-29 16:31:00', 3, 4, '', '80.00', 1, 1, '2018-04-17 11:31:44'),
(154, '2018-01-29 16:31:00', 4, 4, '', '100.00', 1, 1, '2018-04-17 11:32:03'),
(155, '2018-01-30 17:55:00', 2, 4, '', '100.00', 1, 1, '2018-04-17 12:55:42'),
(156, '2018-01-30 17:55:00', 3, 4, '', '80.00', 1, 1, '2018-04-17 12:56:01'),
(157, '2018-01-30 17:56:00', 7, 4, '', '1800.00', 1, 1, '2018-04-17 12:56:24'),
(158, '2018-01-31 18:37:00', 2, 4, '', '90.00', 1, 1, '2018-04-17 13:38:01'),
(159, '2018-01-31 18:38:00', 3, 4, '', '80.00', 1, 1, '2018-04-17 13:38:22'),
(160, '2018-01-31 18:38:00', 1, 4, 'Hyd Flat Exp', '1000.00', 1, 1, '2018-04-17 13:38:59'),
(161, '2018-01-31 18:39:00', 3, 0, 'Karachi Hyd', '1500.00', 1, 1, '2018-04-17 13:39:42'),
(162, '2018-02-01 18:43:00', 2, 4, '', '110.00', 1, 1, '2018-04-17 13:44:30'),
(163, '2018-02-01 18:44:00', 3, 4, '', '80.00', 1, 1, '2018-04-17 13:44:49'),
(164, '2018-02-01 18:44:00', 12, 4, '', '40.00', 1, 1, '2018-04-17 13:45:11'),
(165, '2018-02-03 18:45:00', 2, 4, '', '100.00', 1, 1, '2018-04-17 13:46:09'),
(166, '2018-02-03 18:46:00', 3, 4, '', '80.00', 1, 1, '2018-04-17 13:46:30'),
(167, '2018-02-04 18:47:00', 2, 4, '', '200.00', 1, 1, '2018-04-17 13:48:30'),
(168, '2018-02-04 18:47:00', 3, 4, '', '40.00', 1, 1, '2018-04-17 13:48:04'),
(169, '2018-02-04 18:48:00', 11, 4, 'Bilal Salary Part 5000/= Zafar Salary 3000/= Chowkidar Salary 400/=', '8400.00', 1, 1, '2018-04-17 13:50:14'),
(170, '2018-02-05 18:51:00', 2, 4, '', '160.00', 1, 1, '2018-04-17 13:51:56'),
(171, '2018-02-05 18:51:00', 3, 4, '', '120.00', 1, 1, '2018-04-17 13:52:21'),
(172, '2018-02-05 18:52:00', 1, 4, 'Mobile Charger', '250.00', 1, 1, '2018-04-17 13:52:50'),
(173, '2018-02-06 18:54:00', 2, 4, '', '160.00', 1, 1, '2018-04-17 13:54:23'),
(174, '2018-02-06 18:54:00', 3, 4, '', '40.00', 1, 1, '2018-04-17 13:54:42'),
(175, '2018-02-06 18:54:00', 1, 4, 'Shopping Bags For Tights', '300.00', 1, 1, '2018-04-17 13:55:26'),
(176, '2018-02-07 18:56:00', 2, 4, '', '80.00', 1, 1, '2018-04-17 13:56:45'),
(177, '2018-02-07 18:56:00', 3, 4, '', '120.00', 1, 1, '2018-04-17 13:57:04'),
(178, '2018-02-07 18:57:00', 1, 4, 'Donation', '50.00', 1, 1, '2018-04-17 13:57:33'),
(179, '2018-02-07 18:57:00', 14, 4, '', '200.00', 1, 1, '2018-04-17 13:57:59'),
(180, '2018-02-08 18:58:00', 2, 4, '', '80.00', 1, 1, '2018-04-17 14:10:51'),
(181, '2018-02-08 19:10:00', 3, 4, '', '120.00', 1, 1, '2018-04-17 14:11:14'),
(182, '2018-02-08 19:11:00', 13, 4, '', '40.00', 1, 1, '2018-04-17 14:11:40'),
(183, '2018-02-08 19:11:00', 1, 4, '', '100.00', 1, 1, '2018-04-17 14:12:01'),
(184, '2018-02-09 19:17:00', 11, 4, 'Bilal Salary Clear', '5000.00', 1, 1, '2018-04-17 14:18:12'),
(185, '2018-02-09 19:18:00', 3, 4, '', '40.00', 1, 1, '2018-04-17 14:18:41'),
(186, '2018-02-09 19:19:00', 2, 4, '', '90.00', 1, 1, '2018-04-17 14:19:54'),
(187, '2018-02-10 19:19:00', 2, 4, '', '90.00', 1, 1, '2018-04-17 14:41:47'),
(188, '2018-02-10 19:41:00', 3, 4, '', '80.00', 1, 1, '2018-04-17 14:42:11'),
(189, '2018-02-10 19:42:00', 4, 4, '', '100.00', 1, 1, '2018-04-17 14:42:33'),
(190, '2018-02-11 19:43:00', 2, 4, '', '100.00', 1, 1, '2018-04-17 14:43:20'),
(191, '2018-02-11 19:43:00', 3, 4, '', '80.00', 1, 1, '2018-04-17 14:43:49'),
(192, '2018-02-11 19:43:00', 1, 4, 'Elfy', '70.00', 1, 1, '2018-04-17 14:44:58'),
(193, '2018-02-12 19:45:00', 2, 4, '', '170.00', 1, 1, '2018-04-17 14:46:08'),
(194, '2018-02-12 19:46:00', 3, 4, '', '120.00', 1, 1, '2018-04-17 14:46:28'),
(195, '2018-02-12 19:46:00', 13, 4, '', '20.00', 1, 1, '2018-04-17 14:46:50'),
(196, '2018-02-12 19:46:00', 1, 4, '', '150.00', 1, 1, '2018-04-17 14:47:15'),
(197, '2018-02-13 19:48:00', 2, 4, '', '150.00', 1, 1, '2018-04-17 14:48:43'),
(198, '2018-02-13 19:48:00', 3, 4, '', '100.00', 1, 1, '2018-04-17 14:49:07'),
(199, '2018-02-13 19:49:00', 1, 4, '', '100.00', 1, 1, '2018-04-17 14:49:26'),
(200, '2018-02-13 19:49:00', 1, 4, 'Self Exp', '500.00', 1, 1, '2018-04-17 14:50:07'),
(203, '2018-02-15 19:54:00', 13, 4, '', '40.00', 1, 1, '2018-04-17 14:54:48'),
(204, '2018-02-15 19:55:00', 1, 4, 'Extra Exp\r\n', '300.00', 1, 1, '2018-04-17 14:55:39'),
(205, '2018-02-17 22:11:00', 2, 4, '', '110.00', 1, 1, '2018-04-17 17:11:47'),
(206, '2018-02-17 22:11:00', 3, 4, '', '80.00', 1, 1, '2018-04-17 17:12:06'),
(207, '2018-02-18 22:12:00', 2, 4, '', '100.00', 1, 1, '2018-04-17 17:12:31'),
(208, '2018-02-18 22:12:00', 3, 4, '', '80.00', 1, 1, '2018-04-17 17:12:55'),
(209, '2018-02-19 22:13:00', 2, 4, '', '110.00', 1, 1, '2018-04-17 17:13:37'),
(210, '2018-02-19 22:13:00', 3, 4, '', '40.00', 1, 1, '2018-04-17 17:15:08'),
(211, '2018-02-20 22:18:00', 2, 4, '', '210.00', 1, 1, '2018-04-17 17:20:27'),
(212, '2018-02-20 22:20:00', 3, 4, '', '80.00', 1, 1, '2018-04-17 17:20:51'),
(213, '2018-02-20 22:20:00', 1, 4, '', '30.00', 1, 1, '2018-04-17 17:21:08'),
(214, '2018-02-21 22:21:00', 2, 4, '', '100.00', 1, 1, '2018-04-17 17:21:34'),
(215, '2018-02-21 22:21:00', 3, 4, '', '40.00', 1, 1, '2018-04-17 17:21:51'),
(216, '2018-02-24 22:33:00', 1, 4, 'Masjid Monthly', '100.00', 1, 1, '2018-04-17 17:34:15'),
(217, '2018-02-25 22:35:00', 12, 4, 'Ice', '10.00', 1, 1, '2018-04-17 17:35:51'),
(218, '2018-03-10 22:53:00', 1, 4, 'Self Exp', '500.00', 1, 1, '2018-04-17 17:53:49'),
(219, '2018-04-17 23:17:37', 2, 4, '', '80.00', 1, 1, '2018-04-17 18:17:37'),
(220, '2018-04-17 23:17:51', 3, 4, '', '140.00', 1, 1, '2018-04-17 18:17:51'),
(221, '2018-04-17 23:18:03', 13, 4, '', '10.00', 1, 1, '2018-04-17 18:18:03'),
(222, '2018-03-18 18:14:00', 1, 4, 'Self Exp', '1000.00', 1, 1, '2018-04-18 13:15:43'),
(223, '2018-03-20 18:18:00', 1, 4, 'Self Exp', '1000.00', 1, 1, '2018-04-18 13:18:47'),
(226, '2018-03-29 18:40:00', 12, 4, '', '100.00', 1, 1, '2018-04-18 13:40:49'),
(227, '2018-03-31 18:42:00', 2, 4, '', '150.00', 1, 1, '2018-04-18 13:43:13'),
(228, '2018-03-31 18:43:00', 3, 4, '', '40.00', 1, 1, '2018-04-18 13:43:30'),
(229, '2018-04-01 18:44:00', 6, 4, 'Lawn Suit Builty Exp', '500.00', 1, 1, '2018-04-18 13:45:39'),
(230, '2018-04-01 18:45:00', 6, 4, 'Return Exp Al-Mehdi & Friends Garments ', '550.00', 1, 1, '2018-04-18 13:47:00'),
(231, '2018-04-01 18:47:00', 4, 4, '', '100.00', 1, 1, '2018-04-18 13:47:18'),
(232, '2018-04-02 18:48:00', 2, 4, '', '100.00', 1, 1, '2018-04-18 13:48:26'),
(233, '2018-04-02 18:48:00', 3, 4, '', '80.00', 1, 1, '2018-04-18 13:48:50'),
(234, '2018-04-02 18:48:00', 1, 4, 'Panaflex Banner, Hooks, Cutter & Scosh Tape.', '1130.00', 1, 1, '2018-04-18 13:50:40'),
(235, '2018-04-04 18:54:00', 2, 4, '', '120.00', 1, 1, '2018-04-18 13:54:29'),
(236, '2018-04-04 18:54:00', 3, 4, '', '80.00', 1, 1, '2018-04-18 13:55:13'),
(237, '2018-04-04 18:55:00', 1, 4, 'M/Cycle Exp & Hook', '140.00', 1, 1, '2018-04-18 13:56:14'),
(238, '2018-04-05 18:57:00', 2, 4, '', '80.00', 1, 1, '2018-04-18 13:59:32'),
(239, '2018-04-05 18:59:00', 3, 4, '', '100.00', 1, 1, '2018-04-18 13:59:53'),
(240, '2018-04-05 19:00:00', 13, 4, '', '40.00', 1, 1, '2018-04-18 14:00:20'),
(241, '2018-04-05 19:00:00', 12, 4, '', '110.00', 1, 1, '2018-04-18 14:00:43'),
(242, '2018-04-05 19:00:00', 11, 4, 'Bilal Salary, Zafar Salary & Chowkidar Salary.', '11400.00', 1, 1, '2018-04-18 14:03:55'),
(243, '2018-04-05 19:04:00', 5, 4, 'Karachi Hyd', '1500.00', 1, 1, '2018-04-18 14:04:34'),
(244, '2018-04-05 19:04:00', 1, 4, 'Self Exp', '2500.00', 1, 1, '2018-04-18 14:05:01'),
(245, '2018-04-07 19:08:00', 2, 4, '', '80.00', 1, 1, '2018-04-18 14:08:14'),
(246, '2018-04-07 19:08:00', 3, 4, '', '80.00', 1, 1, '2018-04-18 14:08:41'),
(247, '2018-04-07 19:08:00', 13, 4, '', '20.00', 1, 1, '2018-04-18 14:09:02'),
(248, '2018-04-08 19:10:00', 4, 4, '', '100.00', 1, 1, '2018-04-18 14:10:15'),
(249, '2018-04-09 19:11:00', 2, 4, '', '80.00', 1, 1, '2018-04-18 14:11:33'),
(250, '2018-04-09 19:11:00', 3, 4, '', '140.00', 1, 1, '2018-04-18 14:11:49'),
(251, '2018-04-09 19:12:00', 1, 4, 'M/Cycle Exp', '500.00', 1, 1, '2018-04-18 14:12:33'),
(252, '2018-04-09 19:12:00', 4, 4, '', '100.00', 1, 1, '2018-04-18 14:12:57'),
(253, '2018-04-09 19:13:00', 1, 4, 'Panaflex Rings', '50.00', 1, 1, '2018-04-18 14:13:24'),
(254, '2018-04-10 19:13:00', 2, 4, '', '180.00', 1, 1, '2018-04-18 14:13:47'),
(255, '2018-04-10 19:13:00', 3, 4, '', '80.00', 1, 1, '2018-04-18 14:14:04'),
(256, '2018-04-10 19:14:00', 13, 4, '', '20.00', 1, 1, '2018-04-18 14:14:20'),
(257, '2018-04-10 19:14:00', 1, 4, 'M/Cycle Clutch Plates, Jump, Labour', '2500.00', 1, 1, '2018-04-18 14:15:22'),
(258, '2018-04-11 19:15:00', 1, 4, 'M/Cycle Rings Ect', '1000.00', 1, 1, '2018-04-18 14:18:41'),
(259, '2018-04-11 19:18:00', 2, 4, '', '160.00', 1, 1, '2018-04-18 14:19:00'),
(260, '2018-04-11 19:19:00', 3, 4, '', '140.00', 1, 1, '2018-04-18 14:19:16'),
(261, '2018-04-11 19:19:00', 4, 4, '', '100.00', 1, 1, '2018-04-18 14:19:32'),
(262, '2018-04-12 19:20:00', 2, 4, '', '80.00', 1, 1, '2018-04-18 14:20:35'),
(263, '2018-04-12 19:20:00', 3, 4, '', '100.00', 1, 1, '2018-04-18 14:20:52'),
(264, '2018-04-12 19:20:00', 12, 4, '', '100.00', 1, 1, '2018-04-18 14:21:11'),
(265, '2018-04-12 19:21:00', 1, 4, 'Insect Spray', '290.00', 1, 1, '2018-04-18 14:22:10'),
(266, '2018-04-12 19:22:00', 5, 4, '', '1500.00', 1, 1, '2018-04-18 14:22:32'),
(267, '2018-04-12 19:22:00', 1, 4, 'Self Exp', '1000.00', 1, 1, '2018-04-18 14:23:15'),
(268, '2018-04-15 19:23:00', 2, 4, '', '60.00', 1, 1, '2018-04-18 14:24:04'),
(269, '2018-04-15 19:24:00', 3, 4, '', '40.00', 1, 1, '2018-04-18 14:24:26'),
(270, '2018-04-18 23:13:40', 2, 4, '', '80.00', 1, 1, '2018-04-18 18:13:40'),
(271, '2018-04-18 23:13:49', 3, 4, '', '100.00', 1, 1, '2018-04-18 18:13:49'),
(272, '2018-04-18 23:13:59', 13, 4, '', '20.00', 1, 1, '2018-04-18 18:13:59'),
(273, '2018-04-19 14:20:00', 2, 4, '', '80.00', 1, 1, '2018-04-21 09:20:38'),
(274, '2018-04-19 14:20:00', 3, 4, '', '100.00', 1, 1, '2018-04-21 09:20:55'),
(275, '2018-04-19 14:20:00', 4, 4, '', '100.00', 1, 1, '2018-04-21 09:21:12');

-- --------------------------------------------------------

--
-- Table structure for table `expense_category`
--

CREATE TABLE `expense_category` (
  `id` int NOT NULL,
  `title` varchar(50) NOT NULL,
  `status` int NOT NULL DEFAULT '1',
  `ts` timestamp NOT NULL DEFAULT CURRENT_TIMESTAMP ON UPDATE CURRENT_TIMESTAMP
) ENGINE=InnoDB DEFAULT CHARSET=latin1;

--
-- Dumping data for table `expense_category`
--

INSERT INTO `expense_category` (`id`, `title`, `status`, `ts`) VALUES
(1, 'General Expense', 1, '2017-10-19 15:58:08'),
(2, 'Lunch Expense', 1, '2018-01-09 13:05:43'),
(3, 'Tea Expense', 1, '2018-01-09 13:05:52'),
(4, 'Petrol Expense', 1, '2018-01-09 13:06:21'),
(5, 'Travel Expense', 1, '2018-01-09 13:07:25'),
(6, 'Builty Expense', 1, '2018-01-09 13:09:45'),
(7, 'Mobile Expense', 1, '2018-01-09 13:10:32'),
(8, 'PTCL Telephone Expense', 1, '2018-01-09 13:11:02'),
(9, 'Wapda Electric Expense', 1, '2018-01-09 13:11:46'),
(10, 'Stationary Expense', 1, '2018-01-09 13:15:03'),
(11, 'Salary Expense', 1, '2018-01-09 13:18:40'),
(12, 'Water Expense', 1, '2018-02-05 15:16:30'),
(13, 'Khairaat', 1, '2018-02-05 15:25:31'),
(14, 'Weakly  Shop Expense', 1, '2018-02-05 15:37:02'),
(15, 'Accomodation Expense', 1, '2018-02-06 12:41:56'),
(16, 'Muhammad Imran', 1, '2018-03-13 18:18:20');

-- --------------------------------------------------------

--
-- Table structure for table `items`
--

CREATE TABLE `items` (
  `id` int NOT NULL,
  `item_category_id` varchar(200) NOT NULL,
  `title` varchar(100) NOT NULL,
  `unit` int NOT NULL DEFAULT '0' COMMENT '0:Piece;1:Kg;2:Litre',
  `unit_price` decimal(10,2) NOT NULL,
  `quantity` decimal(11,0) NOT NULL,
  `sortorder` int NOT NULL,
  `status` int NOT NULL DEFAULT '1',
  `ts` timestamp NOT NULL DEFAULT CURRENT_TIMESTAMP
) ENGINE=MyISAM DEFAULT CHARSET=latin1;

--
-- Dumping data for table `items`
--

INSERT INTO `items` (`id`, `item_category_id`, `title`, `unit`, `unit_price`, `quantity`, `sortorder`, `status`, `ts`) VALUES
(209, '2', 'Printed Jeans Tights Kd.co', 50, '500.00', '204', 2, 1, '2017-10-17 13:27:03');

-- --------------------------------------------------------

--
-- Table structure for table `item_category`
--

CREATE TABLE `item_category` (
  `id` int NOT NULL,
  `title` varchar(100) NOT NULL,
  `status` int NOT NULL DEFAULT '1',
  `ts` timestamp NOT NULL DEFAULT CURRENT_TIMESTAMP
) ENGINE=InnoDB DEFAULT CHARSET=latin1;

--
-- Dumping data for table `item_category`
--

INSERT INTO `item_category` (`id`, `title`, `status`, `ts`) VALUES
(2, 'hello', 1, '2022-09-13 15:14:48');

-- --------------------------------------------------------

--
-- Table structure for table `menu`
--

CREATE TABLE `menu` (
  `id` int NOT NULL,
  `title` varchar(100) NOT NULL,
  `url` varchar(100) NOT NULL,
  `parent_id` int NOT NULL,
  `depth` int NOT NULL,
  `sortorder` int NOT NULL,
  `icon` varchar(200) NOT NULL,
  `small_icon` varchar(200) CHARACTER SET latin1 COLLATE latin1_swedish_ci NOT NULL
) ENGINE=MyISAM DEFAULT CHARSET=utf8mb3;

--
-- Dumping data for table `menu`
--

INSERT INTO `menu` (`id`, `title`, `url`, `parent_id`, `depth`, `sortorder`, `icon`, `small_icon`) VALUES
(1, 'Dashboard', '#', 0, 0, 1, 'dashboard.png', 'home'),
(18, 'Manage Purchases', 'purchase_manage.php', 15, 1, 9, 'manage-purchases.png', 'truck'),
(17, 'Manage Supplier', 'supplier_manage.php', 15, 1, 10, 'manage-supplier.jpg', 'users'),
(19, 'Sales', '#', 0, 0, 12, 'sales.jpg', 'print'),
(20, ' Manage Customer', 'customer_manage.php', 19, 1, 14, 'manage-customer.jpg', 'street-view'),
(8, 'Administrator', 'admin_manage.php', 1, 1, 3, 'administrator.png', 'user'),
(7, 'General Settings', 'config_manage.php?config_id=1', 1, 1, 2, 'general-settings.png', 'adjust'),
(15, 'Inventory', '#', 0, 0, 8, 'inventory.jpg', 'glass'),
(16, 'Manage Sales', 'sales_manage.php', 19, 1, 13, 'manage-sales.png', 'shopping-cart'),
(33, 'Size', 'size_manage.php', 27, 1, 22, 'size.jpg', 'repeat'),
(32, 'Customer Payment', 'customer_payment_manage.php', 19, 1, 22, 'customer-payment.png', 'cc-mastercard'),
(21, 'Supplier Payment', 'supplier_payment_manage.php', 15, 1, 11, 'supplier-payment.png', 'money'),
(22, 'Reports', '#', 0, 0, 15, 'reports.png', 'list-alt'),
(23, 'Daily Report', 'report_manage.php', 22, 1, 16, 'daily-report.png', 'file-o'),
(24, 'Item Category', 'item_category_manage.php', 27, 1, 6, 'item-category.png', 'renren'),
(25, 'Manage Expense', 'expense_manage.php', 28, 1, 17, 'manage-expense.png', 'money'),
(26, 'Admin Type', 'admin_type_manage.php', 1, 1, 4, 'admin-type.jpg', 'unlock'),
(27, 'Items', '#', 0, 0, 5, 'items.jpg', 'cogs'),
(28, 'Accounts', '#', 0, 0, 19, 'accounts.jpg', 'industry'),
(29, 'Expense Category', 'expense_category_manage.php', 28, 1, 20, 'expense-category.jpg', 'cog'),
(30, 'Manage Account', 'account_manage.php', 28, 1, 21, 'manage-account.jpg', 'glass'),
(31, 'Manage Transaction', 'transaction_manage.php', 28, 1, 22, 'manage-transaction.jpg', 'cart-plus'),
(34, 'Color', 'color_manage.php', 27, 1, 23, 'color.jpg', 'signal'),
(35, 'Sales Return', 'sales_return_manage.php', 19, 1, 24, 'sales-return.jpg', 'step-backward'),
(36, 'Sales Report', 'report_manage.php?tab=sales', 22, 1, 25, 'sales-report.jpg', 'inbox'),
(37, 'General Journal', 'report_manage.php?tab=general_journal', 22, 1, 26, 'general-journal.jpg', 'road'),
(38, 'Purchase Return', 'purchase_return_manage.php', 15, 1, 27, 'purchase-return.jpg', 'trash-o'),
(39, 'Stock Report', 'stock_manage.php', 22, 1, 28, 'stock-report.jpg', 'th-list'),
(40, 'Supplier Ledger', 'supplier_manage.php?tab=report', 22, 1, 29, 'supplier-ledger.jpg', 'file-o'),
(41, 'Income Report', 'report_manage.php?tab=income', 22, 1, 30, 'income-report.jpg', 'check');

-- --------------------------------------------------------

--
-- Table structure for table `menu_2_admin_type`
--

CREATE TABLE `menu_2_admin_type` (
  `menu_id` int NOT NULL,
  `admin_type_id` int NOT NULL
) ENGINE=InnoDB DEFAULT CHARSET=utf8mb4 COLLATE=utf8mb4_0900_ai_ci;

--
-- Dumping data for table `menu_2_admin_type`
--

INSERT INTO `menu_2_admin_type` (`menu_id`, `admin_type_id`) VALUES
(1, 1),
(1, 3),
(2, 1),
(3, 1),
(4, 1),
(4, 3),
(4, 4),
(5, 1),
(5, 3),
(6, 1),
(7, 1),
(8, 1),
(9, 1),
(12, 1),
(14, 1),
(14, 3),
(15, 1),
(15, 3),
(16, 1),
(17, 1),
(17, 3),
(18, 1),
(18, 3),
(19, 1),
(20, 1),
(21, 1),
(21, 3),
(22, 1),
(23, 1),
(24, 1),
(24, 3),
(25, 1),
(26, 1),
(27, 1),
(27, 3),
(28, 1),
(28, 3),
(29, 1),
(29, 3),
(30, 1),
(30, 3),
(31, 1),
(31, 3),
(32, 1),
(32, 3),
(33, 1),
(33, 3),
(34, 1),
(34, 3),
(35, 1),
(36, 1),
(36, 3),
(37, 1),
(37, 3),
(38, 1),
(38, 3),
(39, 1),
(39, 3),
(40, 1),
(40, 3),
(41, 1),
(41, 3);

-- --------------------------------------------------------

--
-- Table structure for table `purchase`
--

CREATE TABLE `purchase` (
  `id` int NOT NULL,
  `datetime_added` datetime NOT NULL,
  `supplier_id` int DEFAULT NULL,
  `total_items` int NOT NULL,
  `total_price` decimal(10,2) NOT NULL,
  `discount` decimal(10,2) NOT NULL,
  `net_price` decimal(10,2) NOT NULL,
  `added_by` int NOT NULL,
  `status` int NOT NULL DEFAULT '1',
  `ts` timestamp NOT NULL DEFAULT CURRENT_TIMESTAMP
) ENGINE=InnoDB DEFAULT CHARSET=latin1;

--
-- Dumping data for table `purchase`
--

INSERT INTO `purchase` (`id`, `datetime_added`, `supplier_id`, `total_items`, `total_price`, `discount`, `net_price`, `added_by`, `status`, `ts`) VALUES
(4, '2022-09-12 14:34:00', 1, 5, '1000.00', '0.00', '1000.00', 1, 1, '2022-09-14 09:34:55'),
(5, '2022-09-15 00:00:00', 1, 12, '240.00', '0.00', '240.00', 1, 1, '2022-09-14 09:58:37'),
(6, '2022-09-01 15:03:00', 1, 1, '200.00', '0.00', '200.00', 1, 1, '2022-09-14 10:03:27');

-- --------------------------------------------------------

--
-- Table structure for table `purchase_items`
--

CREATE TABLE `purchase_items` (
  `id` int NOT NULL,
  `purchase_id` int NOT NULL,
  `item_category_id` int NOT NULL,
  `item_id` int NOT NULL,
  `purchase_price` decimal(10,2) NOT NULL,
  `sale_price` decimal(10,2) NOT NULL,
  `quantity` float NOT NULL,
  `total` decimal(10,2) NOT NULL,
  `quantity_sold` int DEFAULT NULL,
  `quantity_returned` int DEFAULT NULL
) ENGINE=MyISAM DEFAULT CHARSET=latin1;

--
-- Dumping data for table `purchase_items`
--

INSERT INTO `purchase_items` (`id`, `purchase_id`, `item_category_id`, `item_id`, `purchase_price`, `sale_price`, `quantity`, `total`, `quantity_sold`, `quantity_returned`) VALUES
(6, 6, 2, 209, '200.00', '4500.00', 1, '200.00', NULL, NULL),
(4, 4, 2, 209, '200.00', '500.00', 5, '1000.00', NULL, NULL),
(5, 5, 2, 209, '20.00', '30.00', 12, '240.00', NULL, NULL);

-- --------------------------------------------------------

--
-- Table structure for table `sales`
--

CREATE TABLE `sales` (
  `id` int NOT NULL,
  `datetime_added` datetime NOT NULL,
  `customer_id` int NOT NULL,
  `total_items` int NOT NULL,
  `total_price` decimal(10,2) NOT NULL,
  `discount` decimal(10,2) NOT NULL,
  `net_price` decimal(10,2) NOT NULL,
  `added_by` int NOT NULL,
  `status` int NOT NULL DEFAULT '1',
  `ts` timestamp NOT NULL DEFAULT CURRENT_TIMESTAMP ON UPDATE CURRENT_TIMESTAMP
) ENGINE=MyISAM DEFAULT CHARSET=latin1;

-- --------------------------------------------------------

--
-- Table structure for table `sales_items`
--

CREATE TABLE `sales_items` (
  `id` int NOT NULL,
  `sales_id` int NOT NULL,
  `item_id` int NOT NULL,
  `item_category_id` int NOT NULL,
  `sale_price` decimal(10,2) NOT NULL,
  `discount` decimal(10,2) NOT NULL,
  `quantity` int NOT NULL,
  `total` decimal(10,2) NOT NULL
) ENGINE=MyISAM DEFAULT CHARSET=latin1;

-- --------------------------------------------------------

--
-- Table structure for table `size`
--

CREATE TABLE `size` (
  `id` int NOT NULL,
  `title` varchar(50) NOT NULL,
  `sortorder` int NOT NULL,
  `ts` timestamp NOT NULL DEFAULT CURRENT_TIMESTAMP ON UPDATE CURRENT_TIMESTAMP
) ENGINE=InnoDB DEFAULT CHARSET=latin1;

--
-- Dumping data for table `size`
--

INSERT INTO `size` (`id`, `title`, `sortorder`, `ts`) VALUES
(1, 'Large', 1, '2017-12-06 12:55:46'),
(2, 'Medium', 2, '2017-12-06 12:55:56'),
(3, 'Small', 3, '2017-12-06 12:56:05');

-- --------------------------------------------------------

--
-- Table structure for table `supplier`
--

CREATE TABLE `supplier` (
  `id` int NOT NULL,
  `supplier_code` varchar(50) NOT NULL,
  `supplier_name` varchar(100) NOT NULL,
  `phone` varchar(50) NOT NULL,
  `address` text NOT NULL,
  `balance` decimal(10,2) NOT NULL,
  `status` int NOT NULL DEFAULT '1',
  `ts` timestamp NOT NULL DEFAULT CURRENT_TIMESTAMP
) ENGINE=InnoDB DEFAULT CHARSET=latin1;

--
-- Dumping data for table `supplier`
--

INSERT INTO `supplier` (`id`, `supplier_code`, `supplier_name`, `phone`, `address`, `balance`, `status`, `ts`) VALUES
(1, 'HA', 'Hassan', '2323', 'sfdf', '0.00', 1, '2022-09-14 08:53:48');

-- --------------------------------------------------------

--
-- Table structure for table `supplier_payment`
--

CREATE TABLE `supplier_payment` (
  `id` int NOT NULL,
  `supplier_id` int NOT NULL,
  `datetime_added` datetime NOT NULL,
  `amount` decimal(10,2) NOT NULL,
  `account_id` int NOT NULL,
  `details` text NOT NULL,
  `status` int NOT NULL DEFAULT '1',
  `ts` timestamp NOT NULL DEFAULT CURRENT_TIMESTAMP ON UPDATE CURRENT_TIMESTAMP
) ENGINE=InnoDB DEFAULT CHARSET=latin1;

--
-- Dumping data for table `supplier_payment`
--

INSERT INTO `supplier_payment` (`id`, `supplier_id`, `datetime_added`, `amount`, `account_id`, `details`, `status`, `ts`) VALUES
(1, 12, '2017-10-16 18:00:00', '40000.00', 4, 'Chq Against Cash From MSG.', 1, '2018-01-24 17:04:22'),
(2, 12, '2017-10-20 18:43:00', '2000.00', 4, 'Cash', 1, '2018-01-24 17:04:05'),
(3, 12, '2017-11-04 19:44:00', '5100.00', 4, 'Cash', 1, '2018-01-24 17:01:15'),
(4, 13, '2017-10-23 18:40:00', '50000.00', 4, 'Online From Kashif', 1, '2018-01-24 17:03:52'),
(5, 13, '2017-11-04 19:15:00', '3000.00', 4, 'Paid Cash', 1, '2018-01-24 17:01:53'),
(6, 13, '2017-11-18 20:16:00', '4000.00', 4, 'Paid Cash', 1, '2018-01-24 17:00:21'),
(7, 13, '2017-12-11 17:17:00', '7000.00', 4, 'Online From Meezan', 1, '2018-01-24 16:58:22'),
(8, 15, '2017-10-27 19:17:00', '7500.00', 4, 'Cash', 1, '2018-01-24 17:02:39'),
(9, 15, '2017-11-04 19:18:00', '26450.00', 4, 'Cash', 1, '2018-01-24 17:01:37'),
(10, 16, '2017-10-27 20:56:00', '77000.00', 4, 'Cash', 1, '2018-01-24 17:02:28'),
(11, 16, '2017-11-04 20:57:00', '3500.00', 4, 'Cash', 1, '2018-01-24 17:01:03'),
(12, 17, '2017-11-25 17:17:00', '9960.00', 4, 'Cash', 1, '2018-01-24 16:59:22'),
(13, 18, '2017-12-08 12:00:00', '15000.00', 4, 'Online Bank Al-Habib', 1, '2018-01-24 16:58:56'),
(14, 18, '2017-12-11 17:01:00', '13500.00', 4, 'Online Meezan Bank', 1, '2018-01-24 16:58:36'),
(15, 19, '2017-10-27 18:22:00', '30900.00', 4, 'Cash', 1, '2018-01-24 17:02:51'),
(16, 20, '2017-12-18 18:28:00', '11000.00', 4, 'Cash', 1, '2018-01-24 16:57:29'),
(17, 19, '2017-11-09 16:08:00', '30000.00', 4, 'Online Bank Al Habib', 1, '2018-01-24 17:00:41'),
(18, 19, '2017-11-22 16:10:00', '25000.00', 4, 'Online Meezan Bank', 1, '2018-01-24 17:00:10'),
(19, 19, '2017-12-05 16:10:00', '20000.00', 4, 'Online Bank Al Habib', 1, '2018-01-24 16:59:11'),
(20, 21, '2017-10-28 16:57:00', '34700.00', 4, 'Paid Cash', 1, '2018-01-24 17:02:12'),
(21, 19, '2017-11-24 21:22:00', '15000.00', 4, 'Paid Cash', 1, '2018-01-24 16:59:46'),
(22, 24, '2017-10-26 20:21:00', '9200.00', 4, 'Paid Cash', 1, '2018-01-24 17:03:33'),
(23, 25, '2017-10-26 21:03:00', '15500.00', 4, 'Paid Cash', 1, '2018-01-24 17:03:18'),
(24, 26, '2017-10-26 21:08:00', '1300.00', 4, 'Paid Cash', 1, '2018-01-24 17:03:03'),
(25, 27, '2017-11-24 21:14:00', '6300.00', 4, 'Paid Cash', 1, '2018-01-24 16:59:58'),
(26, 13, '2017-12-16 16:30:00', '11000.00', 4, 'Paid Cash', 1, '2018-01-24 16:57:42'),
(27, 28, '2018-01-04 18:15:00', '9800.00', 4, 'Paid Cash. 9800/=\r\nPaid Chq.  10000/=', 1, '2018-01-24 16:51:39'),
(28, 28, '2018-01-15 18:18:00', '900.00', 4, 'Paid Cash', 1, '2018-01-24 16:23:32'),
(29, 36, '2018-01-20 16:06:00', '1200.00', 4, 'Paid Cash', 1, '2018-01-24 16:23:22'),
(30, 14, '2018-01-21 16:55:00', '10000.00', 4, 'W/D Cash From (HMB. Hyd.) Rs= 20000/=.\r\nPaid 10000/= in A/c of Heebas Fashion.\r\nPaid 10000/= in A/c Of Dr. Mazhar.', 1, '2018-01-24 16:23:10'),
(31, 13, '2018-01-15 17:00:00', '15000.00', 7, 'From HMB. Hyd.', 1, '2018-01-24 16:50:48'),
(32, 15, '2018-01-21 17:02:00', '20000.00', 7, 'From HMB. Hyd', 1, '2018-01-24 16:12:16'),
(33, 28, '2018-01-04 21:52:00', '10000.00', 8, 'Paid Chq.  10000/=', 1, '2018-01-24 16:57:17'),
(37, 36, '2018-02-12 20:55:00', '2420.00', 4, '', 1, '2018-02-12 15:56:01'),
(38, 36, '2018-01-25 17:38:00', '2000.00', 4, '', 1, '2018-02-14 12:39:22'),
(39, 36, '2018-01-30 17:39:00', '2000.00', 4, '', 1, '2018-02-14 12:39:55'),
(40, 36, '2018-02-05 17:40:00', '2000.00', 4, '', 1, '2018-02-14 12:41:56'),
(41, 14, '2018-02-14 17:59:32', '10000.00', 4, 'Online Faisal Bank', 1, '2018-02-14 12:59:32'),
(42, 36, '2018-02-27 23:26:40', '1000.00', 4, '', 1, '2018-02-27 18:26:40'),
(43, 36, '2018-02-26 16:37:00', '2500.00', 4, '', 1, '2018-02-28 11:38:13'),
(45, 36, '2018-03-06 18:46:00', '2000.00', 4, '', 1, '2018-03-07 13:47:08'),
(46, 16, '2018-03-07 18:47:00', '30000.00', 7, '', 1, '2018-03-07 13:48:16'),
(47, 42, '2018-04-05 19:05:00', '7500.00', 4, 'Payment For 10. Lawn Emb Suits.', 1, '2018-04-18 14:06:55'),
(48, 12, '2018-01-30 17:54:00', '30000.00', 4, 'Against Chq Return', 1, '2018-04-21 12:57:03');

-- --------------------------------------------------------

--
-- Table structure for table `transaction`
--

CREATE TABLE `transaction` (
  `id` int NOT NULL,
  `account_id` int NOT NULL,
  `reference_id` int NOT NULL DEFAULT '0' COMMENT '0:Debit;1:Credit',
  `datetime_added` datetime NOT NULL,
  `amount` decimal(10,2) NOT NULL,
  `details` text NOT NULL,
  `status` int NOT NULL DEFAULT '1',
  `ts` timestamp NOT NULL DEFAULT CURRENT_TIMESTAMP ON UPDATE CURRENT_TIMESTAMP
) ENGINE=InnoDB DEFAULT CHARSET=latin1;

-- --------------------------------------------------------

--
-- Table structure for table `uploads`
--

CREATE TABLE `uploads` (
  `id` int NOT NULL,
  `filename` varchar(200) NOT NULL,
  `filelocation` varchar(200) NOT NULL
) ENGINE=MyISAM DEFAULT CHARSET=utf8mb3;

--
-- Dumping data for table `uploads`
--

INSERT INTO `uploads` (`id`, `filename`, `filelocation`) VALUES
(9, 'test', 'test.png');

--
-- Indexes for dumped tables
--

--
-- Indexes for table `account`
--
ALTER TABLE `account`
  ADD PRIMARY KEY (`id`);

--
-- Indexes for table `admin`
--
ALTER TABLE `admin`
  ADD PRIMARY KEY (`id`);

--
-- Indexes for table `admin_type`
--
ALTER TABLE `admin_type`
  ADD PRIMARY KEY (`id`);

--
-- Indexes for table `closing_activity`
--
ALTER TABLE `closing_activity`
  ADD PRIMARY KEY (`id`);

--
-- Indexes for table `color`
--
ALTER TABLE `color`
  ADD PRIMARY KEY (`id`);

--
-- Indexes for table `colors`
--
ALTER TABLE `colors`
  ADD PRIMARY KEY (`id`);

--
-- Indexes for table `config_type`
--
ALTER TABLE `config_type`
  ADD PRIMARY KEY (`id`);

--
-- Indexes for table `config_variable`
--
ALTER TABLE `config_variable`
  ADD PRIMARY KEY (`id`);

--
-- Indexes for table `customer`
--
ALTER TABLE `customer`
  ADD PRIMARY KEY (`id`);

--
-- Indexes for table `customer_payment`
--
ALTER TABLE `customer_payment`
  ADD PRIMARY KEY (`id`);

--
-- Indexes for table `expense`
--
ALTER TABLE `expense`
  ADD PRIMARY KEY (`id`);

--
-- Indexes for table `expense_category`
--
ALTER TABLE `expense_category`
  ADD PRIMARY KEY (`id`);

--
-- Indexes for table `items`
--
ALTER TABLE `items`
  ADD PRIMARY KEY (`id`);

--
-- Indexes for table `item_category`
--
ALTER TABLE `item_category`
  ADD PRIMARY KEY (`id`);

--
-- Indexes for table `menu`
--
ALTER TABLE `menu`
  ADD PRIMARY KEY (`id`);

--
-- Indexes for table `menu_2_admin_type`
--
ALTER TABLE `menu_2_admin_type`
  ADD PRIMARY KEY (`menu_id`,`admin_type_id`);

--
-- Indexes for table `purchase`
--
ALTER TABLE `purchase`
  ADD PRIMARY KEY (`id`);

--
-- Indexes for table `purchase_items`
--
ALTER TABLE `purchase_items`
  ADD PRIMARY KEY (`id`);

--
-- Indexes for table `sales`
--
ALTER TABLE `sales`
  ADD PRIMARY KEY (`id`);

--
-- Indexes for table `sales_items`
--
ALTER TABLE `sales_items`
  ADD PRIMARY KEY (`id`);

--
-- Indexes for table `size`
--
ALTER TABLE `size`
  ADD PRIMARY KEY (`id`);

--
-- Indexes for table `supplier`
--
ALTER TABLE `supplier`
  ADD PRIMARY KEY (`id`);

--
-- Indexes for table `supplier_payment`
--
ALTER TABLE `supplier_payment`
  ADD PRIMARY KEY (`id`);

--
-- Indexes for table `transaction`
--
ALTER TABLE `transaction`
  ADD PRIMARY KEY (`id`);

--
-- Indexes for table `uploads`
--
ALTER TABLE `uploads`
  ADD PRIMARY KEY (`id`);

--
-- AUTO_INCREMENT for dumped tables
--

--
-- AUTO_INCREMENT for table `account`
--
ALTER TABLE `account`
  MODIFY `id` int NOT NULL AUTO_INCREMENT, AUTO_INCREMENT=9;

--
-- AUTO_INCREMENT for table `admin`
--
ALTER TABLE `admin`
  MODIFY `id` int NOT NULL AUTO_INCREMENT, AUTO_INCREMENT=15;

--
-- AUTO_INCREMENT for table `admin_type`
--
ALTER TABLE `admin_type`
  MODIFY `id` int NOT NULL AUTO_INCREMENT, AUTO_INCREMENT=4;

--
-- AUTO_INCREMENT for table `closing_activity`
--
ALTER TABLE `closing_activity`
  MODIFY `id` int NOT NULL AUTO_INCREMENT, AUTO_INCREMENT=43;

--
-- AUTO_INCREMENT for table `color`
--
ALTER TABLE `color`
  MODIFY `id` int NOT NULL AUTO_INCREMENT, AUTO_INCREMENT=4;

--
-- AUTO_INCREMENT for table `colors`
--
ALTER TABLE `colors`
  MODIFY `id` int NOT NULL AUTO_INCREMENT;

--
-- AUTO_INCREMENT for table `config_type`
--
ALTER TABLE `config_type`
  MODIFY `id` int NOT NULL AUTO_INCREMENT, AUTO_INCREMENT=9;

--
-- AUTO_INCREMENT for table `config_variable`
--
ALTER TABLE `config_variable`
  MODIFY `id` int NOT NULL AUTO_INCREMENT, AUTO_INCREMENT=24;

--
-- AUTO_INCREMENT for table `customer`
--
ALTER TABLE `customer`
  MODIFY `id` int NOT NULL AUTO_INCREMENT, AUTO_INCREMENT=2;

--
-- AUTO_INCREMENT for table `customer_payment`
--
ALTER TABLE `customer_payment`
  MODIFY `id` int NOT NULL AUTO_INCREMENT;

--
-- AUTO_INCREMENT for table `expense`
--
ALTER TABLE `expense`
  MODIFY `id` int NOT NULL AUTO_INCREMENT, AUTO_INCREMENT=276;

--
-- AUTO_INCREMENT for table `expense_category`
--
ALTER TABLE `expense_category`
  MODIFY `id` int NOT NULL AUTO_INCREMENT, AUTO_INCREMENT=17;

--
-- AUTO_INCREMENT for table `items`
--
ALTER TABLE `items`
  MODIFY `id` int NOT NULL AUTO_INCREMENT, AUTO_INCREMENT=211;

--
-- AUTO_INCREMENT for table `item_category`
--
ALTER TABLE `item_category`
  MODIFY `id` int NOT NULL AUTO_INCREMENT, AUTO_INCREMENT=3;

--
-- AUTO_INCREMENT for table `menu`
--
ALTER TABLE `menu`
  MODIFY `id` int NOT NULL AUTO_INCREMENT, AUTO_INCREMENT=42;

--
-- AUTO_INCREMENT for table `purchase`
--
ALTER TABLE `purchase`
  MODIFY `id` int NOT NULL AUTO_INCREMENT, AUTO_INCREMENT=7;

--
-- AUTO_INCREMENT for table `purchase_items`
--
ALTER TABLE `purchase_items`
  MODIFY `id` int NOT NULL AUTO_INCREMENT, AUTO_INCREMENT=7;

--
-- AUTO_INCREMENT for table `sales`
--
ALTER TABLE `sales`
  MODIFY `id` int NOT NULL AUTO_INCREMENT;

--
-- AUTO_INCREMENT for table `sales_items`
--
ALTER TABLE `sales_items`
  MODIFY `id` int NOT NULL AUTO_INCREMENT;

--
-- AUTO_INCREMENT for table `size`
--
ALTER TABLE `size`
  MODIFY `id` int NOT NULL AUTO_INCREMENT, AUTO_INCREMENT=4;

--
-- AUTO_INCREMENT for table `supplier`
--
ALTER TABLE `supplier`
  MODIFY `id` int NOT NULL AUTO_INCREMENT, AUTO_INCREMENT=2;

--
-- AUTO_INCREMENT for table `supplier_payment`
--
ALTER TABLE `supplier_payment`
  MODIFY `id` int NOT NULL AUTO_INCREMENT, AUTO_INCREMENT=49;

--
-- AUTO_INCREMENT for table `transaction`
--
ALTER TABLE `transaction`
  MODIFY `id` int NOT NULL AUTO_INCREMENT;

--
-- AUTO_INCREMENT for table `uploads`
--
ALTER TABLE `uploads`
  MODIFY `id` int NOT NULL AUTO_INCREMENT, AUTO_INCREMENT=10;
COMMIT;

/*!40101 SET CHARACTER_SET_CLIENT=@OLD_CHARACTER_SET_CLIENT */;
/*!40101 SET CHARACTER_SET_RESULTS=@OLD_CHARACTER_SET_RESULTS */;
/*!40101 SET COLLATION_CONNECTION=@OLD_COLLATION_CONNECTION */;
